row	tu	root_source	pc_mirror	pre_sync	post_sync	production
1	DrawAdaptor	src/Game/Player/DrawAdaptor.cpp	pc-port/src/Game/Player/DrawAdaptor.cpp	absent	exact	explicitly-excluded
2	FireMarioBall	src/Game/Player/FireMarioBall.cpp	pc-port/src/Game/Player/FireMarioBall.cpp	absent	exact	explicitly-excluded
3	J3DModelX	src/Game/Player/J3DModelX.cpp	pc-port/src/Game/Player/J3DModelX.cpp	absent	exact	explicitly-excluded
4	JetTurtleShadow	src/Game/Player/JetTurtleShadow.cpp	pc-port/src/Game/Player/JetTurtleShadow.cpp	absent	exact	explicitly-excluded
5	MarineSnow	src/Game/Player/MarineSnow.cpp	pc-port/src/Game/Player/MarineSnow.cpp	absent	exact	explicitly-excluded
6	Mario	src/Game/Player/Mario.cpp	pc-port/src/Game/Player/Mario.cpp	absent	exact	explicitly-excluded
7	Mario2D	src/Game/Player/Mario2D.cpp	pc-port/src/Game/Player/Mario2D.cpp	absent	exact	explicitly-excluded
8	MarioAccess	src/Game/Player/MarioAccess.cpp	pc-port/src/Game/Player/MarioAccess.cpp	absent	exact	explicitly-excluded
9	MarioActor	src/Game/Player/MarioActor.cpp	pc-port/src/Game/Player/MarioActor.cpp	absent	exact	explicitly-excluded
10	MarioActorCamera	src/Game/Player/MarioActorCamera.cpp	pc-port/src/Game/Player/MarioActorCamera.cpp	absent	exact	explicitly-excluded
11	MarioActorClap	src/Game/Player/MarioActorClap.cpp	pc-port/src/Game/Player/MarioActorClap.cpp	absent	exact	explicitly-excluded
12	MarioActorDefensiveMsg	src/Game/Player/MarioActorDefensiveMsg.cpp	pc-port/src/Game/Player/MarioActorDefensiveMsg.cpp	absent	exact	explicitly-excluded
13	MarioActorDraw	src/Game/Player/MarioActorDraw.cpp	pc-port/src/Game/Player/MarioActorDraw.cpp	absent	exact	explicitly-excluded
14	MarioActorEye	src/Game/Player/MarioActorEye.cpp	pc-port/src/Game/Player/MarioActorEye.cpp	absent	exact	explicitly-excluded
15	MarioActorGameOver	src/Game/Player/MarioActorGameOver.cpp	pc-port/src/Game/Player/MarioActorGameOver.cpp	absent	exact	explicitly-excluded
16	MarioActorGravity	src/Game/Player/MarioActorGravity.cpp	pc-port/src/Game/Player/MarioActorGravity.cpp	absent	exact	explicitly-excluded
17	MarioActorHand	src/Game/Player/MarioActorHand.cpp	pc-port/src/Game/Player/MarioActorHand.cpp	absent	exact	explicitly-excluded
18	MarioActorInit	src/Game/Player/MarioActorInit.cpp	pc-port/src/Game/Player/MarioActorInit.cpp	absent	exact	explicitly-excluded
19	MarioActorMatrix	src/Game/Player/MarioActorMatrix.cpp	pc-port/src/Game/Player/MarioActorMatrix.cpp	absent	exact	explicitly-excluded
20	MarioActorMorph	src/Game/Player/MarioActorMorph.cpp	pc-port/src/Game/Player/MarioActorMorph.cpp	absent	exact	explicitly-excluded
21	MarioActorOffensiveMsg	src/Game/Player/MarioActorOffensiveMsg.cpp	pc-port/src/Game/Player/MarioActorOffensiveMsg.cpp	absent	exact	explicitly-excluded
22	MarioActorPad	src/Game/Player/MarioActorPad.cpp	pc-port/src/Game/Player/MarioActorPad.cpp	absent	exact	explicitly-excluded
23	MarioActorParts	src/Game/Player/MarioActorParts.cpp	pc-port/src/Game/Player/MarioActorParts.cpp	absent	exact	explicitly-excluded
24	MarioActorPunch	src/Game/Player/MarioActorPunch.cpp	pc-port/src/Game/Player/MarioActorPunch.cpp	absent	exact	explicitly-excluded
25	MarioActorRush	src/Game/Player/MarioActorRush.cpp	pc-port/src/Game/Player/MarioActorRush.cpp	absent	exact	explicitly-excluded
26	MarioActorRushMsg	src/Game/Player/MarioActorRushMsg.cpp	pc-port/src/Game/Player/MarioActorRushMsg.cpp	absent	exact	explicitly-excluded
27	MarioActorSensor	src/Game/Player/MarioActorSensor.cpp	pc-port/src/Game/Player/MarioActorSensor.cpp	absent	exact	explicitly-excluded
28	MarioActorShadow	src/Game/Player/MarioActorShadow.cpp	pc-port/src/Game/Player/MarioActorShadow.cpp	absent	exact	explicitly-excluded
29	MarioActorSpecialDraw	src/Game/Player/MarioActorSpecialDraw.cpp	pc-port/src/Game/Player/MarioActorSpecialDraw.cpp	absent	exact	explicitly-excluded
30	MarioActorTakeMsg	src/Game/Player/MarioActorTakeMsg.cpp	pc-port/src/Game/Player/MarioActorTakeMsg.cpp	absent	exact	explicitly-excluded
31	MarioActorWipe	src/Game/Player/MarioActorWipe.cpp	pc-port/src/Game/Player/MarioActorWipe.cpp	absent	exact	explicitly-excluded
32	MarioAnimationEfx	src/Game/Player/MarioAnimationEfx.cpp	pc-port/src/Game/Player/MarioAnimationEfx.cpp	absent	exact	explicitly-excluded
33	MarioAnimator	src/Game/Player/MarioAnimator.cpp	pc-port/src/Game/Player/MarioAnimator.cpp	absent	exact	explicitly-excluded
34	MarioBee	src/Game/Player/MarioBee.cpp	pc-port/src/Game/Player/MarioBee.cpp	absent	exact	explicitly-excluded
35	MarioBlown	src/Game/Player/MarioBlown.cpp	pc-port/src/Game/Player/MarioBlown.cpp	absent	exact	explicitly-excluded
36	MarioBump	src/Game/Player/MarioBump.cpp	pc-port/src/Game/Player/MarioBump.cpp	absent	exact	explicitly-excluded
37	MarioClimb	src/Game/Player/MarioClimb.cpp	pc-port/src/Game/Player/MarioClimb.cpp	absent	exact	explicitly-excluded
38	MarioCollision	src/Game/Player/MarioCollision.cpp	pc-port/src/Game/Player/MarioCollision.cpp	absent	exact	explicitly-excluded
39	MarioConst	src/Game/Player/MarioConst.cpp	pc-port/src/Game/Player/MarioConst.cpp	absent	exact	explicitly-excluded
40	MarioDamage	src/Game/Player/MarioDamage.cpp	pc-port/src/Game/Player/MarioDamage.cpp	absent	exact	explicitly-excluded
41	MarioDamageCrush	src/Game/Player/MarioDamageCrush.cpp	pc-port/src/Game/Player/MarioDamageCrush.cpp	absent	exact	explicitly-excluded
42	MarioDamageFreeze	src/Game/Player/MarioDamageFreeze.cpp	pc-port/src/Game/Player/MarioDamageFreeze.cpp	absent	exact	explicitly-excluded
43	MarioDamageParalyze	src/Game/Player/MarioDamageParalyze.cpp	pc-port/src/Game/Player/MarioDamageParalyze.cpp	absent	exact	explicitly-excluded
44	MarioDamageStun	src/Game/Player/MarioDamageStun.cpp	pc-port/src/Game/Player/MarioDamageStun.cpp	absent	exact	explicitly-excluded
45	MarioEffect	src/Game/Player/MarioEffect.cpp	pc-port/src/Game/Player/MarioEffect.cpp	absent	exact	explicitly-excluded
46	MarioEnforce	src/Game/Player/MarioEnforce.cpp	pc-port/src/Game/Player/MarioEnforce.cpp	absent	exact	explicitly-excluded
47	MarioFaint	src/Game/Player/MarioFaint.cpp	pc-port/src/Game/Player/MarioFaint.cpp	absent	exact	explicitly-excluded
48	MarioFlip	src/Game/Player/MarioFlip.cpp	pc-port/src/Game/Player/MarioFlip.cpp	absent	exact	explicitly-excluded
49	MarioFlow	src/Game/Player/MarioFlow.cpp	pc-port/src/Game/Player/MarioFlow.cpp	absent	exact	explicitly-excluded
50	MarioFoo	src/Game/Player/MarioFoo.cpp	pc-port/src/Game/Player/MarioFoo.cpp	absent	exact	explicitly-excluded
51	MarioFpView	src/Game/Player/MarioFpView.cpp	pc-port/src/Game/Player/MarioFpView.cpp	absent	exact	explicitly-excluded
52	MarioFrontStep	src/Game/Player/MarioFrontStep.cpp	pc-port/src/Game/Player/MarioFrontStep.cpp	absent	exact	explicitly-excluded
53	MarioHang	src/Game/Player/MarioHang.cpp	pc-port/src/Game/Player/MarioHang.cpp	absent	exact	explicitly-excluded
54	MarioHolder	src/Game/Player/MarioHolder.cpp	pc-port/src/Game/Player/MarioHolder.cpp	exact	exact	included
55	MarioInit	src/Game/Player/MarioInit.cpp	pc-port/src/Game/Player/MarioInit.cpp	absent	exact	explicitly-excluded
56	MarioJump	src/Game/Player/MarioJump.cpp	pc-port/src/Game/Player/MarioJump.cpp	absent	exact	explicitly-excluded
57	MarioMagic	src/Game/Player/MarioMagic.cpp	pc-port/src/Game/Player/MarioMagic.cpp	absent	exact	explicitly-excluded
58	MarioMapCode	src/Game/Player/MarioMapCode.cpp	pc-port/src/Game/Player/MarioMapCode.cpp	absent	exact	explicitly-excluded
59	MarioMessenger	src/Game/Player/MarioMessenger.cpp	pc-port/src/Game/Player/MarioMessenger.cpp	absent	exact	explicitly-excluded
60	MarioModule	src/Game/Player/MarioModule.cpp	pc-port/src/Game/Player/MarioModule.cpp	absent	exact	explicitly-excluded
61	MarioMove	src/Game/Player/MarioMove.cpp	pc-port/src/Game/Player/MarioMove.cpp	absent	exact	explicitly-excluded
62	MarioMove25D	src/Game/Player/MarioMove25D.cpp	pc-port/src/Game/Player/MarioMove25D.cpp	absent	exact	explicitly-excluded
63	MarioMove2D	src/Game/Player/MarioMove2D.cpp	pc-port/src/Game/Player/MarioMove2D.cpp	absent	exact	explicitly-excluded
64	MarioMoveSphere	src/Game/Player/MarioMoveSphere.cpp	pc-port/src/Game/Player/MarioMoveSphere.cpp	absent	exact	explicitly-excluded
65	MarioNullBck	src/Game/Player/MarioNullBck.cpp	pc-port/src/Game/Player/MarioNullBck.cpp	absent	exact	explicitly-excluded
66	MarioParts	src/Game/Player/MarioParts.cpp	pc-port/src/Game/Player/MarioParts.cpp	absent	exact	explicitly-excluded
67	MarioPress	src/Game/Player/MarioPress.cpp	pc-port/src/Game/Player/MarioPress.cpp	absent	exact	explicitly-excluded
68	MarioRabbit	src/Game/Player/MarioRabbit.cpp	pc-port/src/Game/Player/MarioRabbit.cpp	absent	exact	explicitly-excluded
69	MarioRecovery	src/Game/Player/MarioRecovery.cpp	pc-port/src/Game/Player/MarioRecovery.cpp	absent	exact	explicitly-excluded
70	MarioSearchLight	src/Game/Player/MarioSearchLight.cpp	pc-port/src/Game/Player/MarioSearchLight.cpp	absent	exact	explicitly-excluded
71	MarioShadow	src/Game/Player/MarioShadow.cpp	pc-port/src/Game/Player/MarioShadow.cpp	absent	exact	explicitly-excluded
72	MarioSideStep	src/Game/Player/MarioSideStep.cpp	pc-port/src/Game/Player/MarioSideStep.cpp	absent	exact	explicitly-excluded
73	MarioSkate	src/Game/Player/MarioSkate.cpp	pc-port/src/Game/Player/MarioSkate.cpp	absent	exact	explicitly-excluded
74	MarioSlider	src/Game/Player/MarioSlider.cpp	pc-port/src/Game/Player/MarioSlider.cpp	absent	exact	explicitly-excluded
75	MarioSlip	src/Game/Player/MarioSlip.cpp	pc-port/src/Game/Player/MarioSlip.cpp	absent	exact	explicitly-excluded
76	MarioSlope	src/Game/Player/MarioSlope.cpp	pc-port/src/Game/Player/MarioSlope.cpp	absent	exact	explicitly-excluded
77	MarioSound	src/Game/Player/MarioSound.cpp	pc-port/src/Game/Player/MarioSound.cpp	absent	exact	explicitly-excluded
78	MarioSpecial	src/Game/Player/MarioSpecial.cpp	pc-port/src/Game/Player/MarioSpecial.cpp	absent	exact	explicitly-excluded
79	MarioSpin	src/Game/Player/MarioSpin.cpp	pc-port/src/Game/Player/MarioSpin.cpp	absent	exact	explicitly-excluded
80	MarioState	src/Game/Player/MarioState.cpp	pc-port/src/Game/Player/MarioState.cpp	absent	exact	explicitly-excluded
81	MarioStep	src/Game/Player/MarioStep.cpp	pc-port/src/Game/Player/MarioStep.cpp	absent	exact	explicitly-excluded
82	MarioStick	src/Game/Player/MarioStick.cpp	pc-port/src/Game/Player/MarioStick.cpp	absent	exact	explicitly-excluded
83	MarioSukekiyo	src/Game/Player/MarioSukekiyo.cpp	pc-port/src/Game/Player/MarioSukekiyo.cpp	absent	exact	explicitly-excluded
84	MarioSwim	src/Game/Player/MarioSwim.cpp	pc-port/src/Game/Player/MarioSwim.cpp	absent	exact	explicitly-excluded
85	MarioSwimDamage	src/Game/Player/MarioSwimDamage.cpp	pc-port/src/Game/Player/MarioSwimDamage.cpp	absent	exact	explicitly-excluded
86	MarioTalk	src/Game/Player/MarioTalk.cpp	pc-port/src/Game/Player/MarioTalk.cpp	absent	exact	explicitly-excluded
87	MarioTask	src/Game/Player/MarioTask.cpp	pc-port/src/Game/Player/MarioTask.cpp	absent	exact	explicitly-excluded
88	MarioTeresa	src/Game/Player/MarioTeresa.cpp	pc-port/src/Game/Player/MarioTeresa.cpp	absent	exact	explicitly-excluded
89	MarioWait	src/Game/Player/MarioWait.cpp	pc-port/src/Game/Player/MarioWait.cpp	absent	exact	explicitly-excluded
90	MarioWalk	src/Game/Player/MarioWalk.cpp	pc-port/src/Game/Player/MarioWalk.cpp	absent	exact	explicitly-excluded
91	MarioWall	src/Game/Player/MarioWall.cpp	pc-port/src/Game/Player/MarioWall.cpp	absent	exact	explicitly-excluded
92	MarioWarp	src/Game/Player/MarioWarp.cpp	pc-port/src/Game/Player/MarioWarp.cpp	absent	exact	explicitly-excluded
93	MatrixControl	src/Game/Player/MatrixControl.cpp	pc-port/src/Game/Player/MatrixControl.cpp	absent	exact	explicitly-excluded
94	ModelHolder	src/Game/Player/ModelHolder.cpp	pc-port/src/Game/Player/ModelHolder.cpp	absent	exact	explicitly-excluded
95	RushEndInfo	src/Game/Player/RushEndInfo.cpp	pc-port/src/Game/Player/RushEndInfo.cpp	absent	exact	explicitly-excluded
96	TornadoMario	src/Game/Player/TornadoMario.cpp	pc-port/src/Game/Player/TornadoMario.cpp	absent	exact	explicitly-excluded
