path	lines
src/compat/ActorRuntimeRegistry.cpp	847
src/compat/ActorRuntimeRegistry.hpp	278
src/compat/ActorShadowCsvCompat.cpp	333
src/compat/ActorShadowCsvCompat.hpp	17
src/compat/AudioFacadeCompat.cpp	876
src/compat/AudioFacadeCompat.hpp	29
src/compat/BinderCompat.cpp	22
src/compat/CameraLocalUtilRuntime.cpp	427
src/compat/CameraLocalUtilRuntime.hpp	39
src/compat/CameraViewRuntime.cpp	24
src/compat/CameraViewRuntime.hpp	30
src/compat/CapturedFrameBlurService.cpp	245
src/compat/CapturedFrameBlurService.hpp	46
src/compat/ClippingDirectorOwnership.cpp	109
src/compat/ClippingDirectorOwnership.hpp	44
src/compat/CollisionDirectorOwnership.cpp	84
src/compat/CollisionDirectorOwnership.hpp	40
src/compat/CollisionPartsCompat.cpp	290
src/compat/CollisionPartsCompat.hpp	62
src/compat/Cp932Literal.hpp	116
src/compat/DisabledAudioBackend.cpp	66
src/compat/DisabledAudioBackend.hpp	48
src/compat/DisabledAudioSystemWrapper.cpp	109
src/compat/DisabledObjectAudio.cpp	107
src/compat/DisabledObjectAudio.hpp	15
src/compat/DisabledObjectAudioService.cpp	200
src/compat/DisabledObjectAudioService.hpp	64
src/compat/DrawSyncManagerLifetime.cpp	85
src/compat/DrawSyncManagerLifetime.hpp	53
src/compat/EffectSystemOwnership.cpp	291
src/compat/EffectSystemOwnership.hpp	38
src/compat/GameActorPhysicsCompat.cpp	308
src/compat/GameMapCollisionCompat.cpp	291
src/compat/GameRuntimeCompat.cpp	55
src/compat/GlobalGravityOwnership.cpp	511
src/compat/GlobalGravityOwnership.hpp	60
src/compat/HitInfoCompat.cpp	338
src/compat/HitInfoCompat.hpp	13
src/compat/ImageEffectOwnership.cpp	172
src/compat/ImageEffectOwnership.hpp	28
src/compat/InformationMessageCompat.cpp	129
src/compat/InformationMessageCompat.hpp	34
src/compat/J3DMaterialLoaderFactoryCompat.cpp	682
src/compat/J3DModelLoaderCompat.cpp	76
src/compat/J3DModelLoaderCompat.hpp	9
src/compat/J3dCommandScope.cpp	39
src/compat/J3dCommandScope.hpp	39
src/compat/J3dSystemCompat.cpp	14
src/compat/J3dSystemCompat.hpp	10
src/compat/JAudioCategoryVolumeOwnership.cpp	86
src/compat/JAudioCategoryVolumeOwnership.hpp	39
src/compat/JAudioLimitedSoundOwnership.cpp	36
src/compat/JAudioLimitedSoundOwnership.hpp	22
src/compat/JAudioSoundParameterSemantics.cpp	60
src/compat/JAudioSoundParameterSemantics.hpp	21
src/compat/JMapUtilCompat.cpp	48
src/compat/JaiStreamPlayback.cpp	133
src/compat/JaiStreamPlayback.hpp	28
src/compat/JkrAllocationDomain.cpp	382
src/compat/JkrAllocationDomain.hpp	92
src/compat/JkrAllocationRouting.hpp	11
src/compat/JutTextureAllocation.cpp	99
src/compat/JutTextureAllocation.hpp	42
src/compat/JutTextureConstruction.cpp	103
src/compat/JutTextureConstruction.hpp	51
src/compat/LiveActorUtilCompat.cpp	430
src/compat/LodCtrlRuntimeCompat.cpp	91
src/compat/MarioAnimatorLifetime.cpp	179
src/compat/MarioAnimatorLifetime.hpp	20
src/compat/MaterialTextureModeCompat.cpp	64
src/compat/MessageUtilCompat.cpp	39
src/compat/MessageUtilCompat.hpp	16
src/compat/MetrowerksAlgorithm.hpp	13
src/compat/MetrowerksAlignedNew.cpp	70
src/compat/MetrowerksPrintf.hpp	31
src/compat/MetrowerksStdCompat.hpp	101
src/compat/ModelCreationCompat.cpp	79
src/compat/ModelFogCompat.cpp	28
src/compat/ModelManagerOwner.cpp	94
src/compat/ModelManagerOwner.hpp	23
src/compat/ModelPostLoadCompat.cpp	90
src/compat/MslPrintfCompat.cpp	650
src/compat/MslPrintfCompat.hpp	11
src/compat/NandSdkBinding.hpp	18
src/compat/NandSdkCompat.cpp	274
src/compat/NativeJkrDisposer.hpp	20
src/compat/NativePcmSound.cpp	102
src/compat/NativePcmSound.hpp	37
src/compat/OriginalActorAnimationStart.cpp	280
src/compat/OriginalActorBckControl.cpp	23
src/compat/OriginalActorModelAccess.cpp	624
src/compat/OriginalActorShadowQueries.cpp	144
src/compat/OriginalAlphaClear.cpp	56
src/compat/OriginalAudioVolumeController.cpp	67
src/compat/OriginalBinderFilterUtil.cpp	20
src/compat/OriginalBinderQueries.cpp	161
src/compat/OriginalCameraOwnerUtil.cpp	117
src/compat/OriginalClearZBuffer.cpp	84
src/compat/OriginalCollisionGeometry.cpp	20
src/compat/OriginalCollisionPartsCompat.cpp	573
src/compat/OriginalCollisionPartsUtil.cpp	243
src/compat/OriginalDynamicCollisionObj.cpp	207
src/compat/OriginalFurAccess.cpp	18
src/compat/OriginalGCaptureQueries.cpp	18
src/compat/OriginalGameDiagnostics.cpp	27
src/compat/OriginalGameDiagnostics.hpp	8
src/compat/OriginalImageEffectUtil.cpp	67
src/compat/OriginalJ2DProjection.cpp	20
src/compat/OriginalJ3dJointTree.cpp	247
src/compat/OriginalJ3dJointTree.hpp	43
src/compat/OriginalJointAccess.cpp	158
src/compat/OriginalJutCapture.cpp	12
src/compat/OriginalKCollisionCompat.cpp	1393
src/compat/OriginalLayoutLocale.cpp	100
src/compat/OriginalLiveActorGroupUtil.cpp	162
src/compat/OriginalMapQueries.cpp	296
src/compat/OriginalMirrorReflectionUtil.cpp	62
src/compat/OriginalModelAccess.cpp	220
src/compat/OriginalModelBounds.cpp	88
src/compat/OriginalModelLightAccess.cpp	70
src/compat/OriginalModelMaterialHelpers.cpp	75
src/compat/OriginalNameObjExecuteHolder.cpp	445
src/compat/OriginalObjectSoundState.cpp	213
src/compat/OriginalPlacementJMap.cpp	7
src/compat/OriginalSceneDrawInit.cpp	74
src/compat/OriginalSceneDrawUtil.cpp	31
src/compat/OriginalShadowTextureAccess.cpp	26
src/compat/OriginalShadowVolumeDraw.cpp	45
src/compat/OriginalSoundUtil.cpp	801
src/compat/OriginalStarPointerDepth.cpp	127
src/compat/OriginalStarPointerDirector.cpp	201
src/compat/OriginalStarPointerOwnerQueries.cpp	658
src/compat/OriginalTripodBossQuery.cpp	59
src/compat/PlanetMapRuntimeCompat.cpp	152
src/compat/SceneConnectionCompat.cpp	12
src/compat/SceneInitializationCompat.cpp	86
src/compat/SceneJ3dScope.hpp	40
src/compat/SceneMovementCompat.cpp	61
src/compat/SceneObjHolderCompat.cpp	710
src/compat/ShadowControllerOwnership.cpp	216
src/compat/ShadowControllerOwnership.hpp	40
src/compat/StageScenarioMetadataResolver.cpp	122
src/compat/StageScenarioMetadataResolver.hpp	26
src/compat/StageSessionState.cpp	144
src/compat/StageSessionState.hpp	96
src/compat/StageZoneMatrixRegistry.cpp	116
src/compat/StageZoneMatrixRegistry.hpp	53
src/compat/StarPointerDepthOwnership.cpp	274
src/compat/StarPointerDepthOwnership.hpp	62
src/compat/StarPointerServiceCompat.cpp	129
src/compat/TalkDirectorLifetime.cpp	102
src/compat/TalkDirectorLifetime.hpp	25
src/compat/WPadOwnership.cpp	101
src/compat/WPadOwnership.hpp	34
src/compat/detail/Cp932Mapping.tsv	9283
src/compat/detail/Cp932Table.hpp	2335
src/compat/jaudio/JasAramStreamPlatform.cpp	104
src/compat/jaudio/JasGenericPoolPlatform.cpp	80
src/compat/jaudio/JasStreamPcmBackend.cpp	165
src/compat/jaudio/JasStreamPcmBackend.hpp	37
