original	mirror	mirror_exists	reviewed_imports	coverage
decomp/src/Game/AreaObj/AreaFormDrawer.cpp	src/Game/AreaObj/AreaFormDrawer.cpp	False		unresolved
decomp/src/Game/AreaObj/AreaObjContainer.cpp	src/Game/AreaObj/AreaObjContainer.cpp	True		unresolved
decomp/src/Game/AreaObj/AstroChangeStageCube.cpp	src/Game/AreaObj/AstroChangeStageCube.cpp	False		unresolved
decomp/src/Game/AreaObj/AudioEffectArea.cpp	src/Game/AreaObj/AudioEffectArea.cpp	False		unresolved
decomp/src/Game/AreaObj/BgmProhibitArea.cpp	src/Game/AreaObj/BgmProhibitArea.cpp	False		unresolved
decomp/src/Game/AreaObj/BigBubbleCameraArea.cpp	src/Game/AreaObj/BigBubbleCameraArea.cpp	False		unresolved
decomp/src/Game/AreaObj/BigBubbleGoalArea.cpp	src/Game/AreaObj/BigBubbleGoalArea.cpp	False		unresolved
decomp/src/Game/AreaObj/ChangeBgmCube.cpp	src/Game/AreaObj/ChangeBgmCube.cpp	False		unresolved
decomp/src/Game/AreaObj/DeathArea.cpp	src/Game/AreaObj/DeathArea.cpp	False		unresolved
decomp/src/Game/AreaObj/GlaringLightArea.cpp	src/Game/AreaObj/GlaringLightArea.cpp	False		unresolved
decomp/src/Game/AreaObj/HazeCube.cpp	src/Game/AreaObj/HazeCube.cpp	False		unresolved
decomp/src/Game/AreaObj/MercatorTransformCube.cpp	src/Game/AreaObj/MercatorTransformCube.cpp	False		unresolved
decomp/src/Game/AreaObj/PlayerSeArea.cpp	src/Game/AreaObj/PlayerSeArea.cpp	False		unresolved
decomp/src/Game/AreaObj/QuakeEffectArea.cpp	src/Game/AreaObj/QuakeEffectArea.cpp	False		unresolved
decomp/src/Game/AreaObj/SoundEmitterCube.cpp	src/Game/AreaObj/SoundEmitterCube.cpp	False		unresolved
decomp/src/Game/AreaObj/SoundEmitterSphere.cpp	src/Game/AreaObj/SoundEmitterSphere.cpp	False		unresolved
decomp/src/Game/AreaObj/SpinGuidanceArea.cpp	src/Game/AreaObj/SpinGuidanceArea.cpp	False		unresolved
decomp/src/Game/AreaObj/SunLightArea.cpp	src/Game/AreaObj/SunLightArea.cpp	False		unresolved
decomp/src/Game/AudioLib/AudAnmSoundObject.cpp	src/Game/AudioLib/AudAnmSoundObject.cpp	False		unresolved
decomp/src/Game/AudioLib/AudAudience.cpp	src/Game/AudioLib/AudAudience.cpp	False		unresolved
decomp/src/Game/AudioLib/AudBgm.cpp	src/Game/AudioLib/AudBgm.cpp	True		unresolved
decomp/src/Game/AudioLib/AudBgmKeeper.cpp	src/Game/AudioLib/AudBgmKeeper.cpp	True		unresolved
decomp/src/Game/AudioLib/AudBgmMgr.cpp	src/Game/AudioLib/AudBgmMgr.cpp	True		unresolved
decomp/src/Game/AudioLib/AudBgmRhythmStrategy.cpp	src/Game/AudioLib/AudBgmRhythmStrategy.cpp	True		unresolved
decomp/src/Game/AudioLib/AudEffector.cpp	src/Game/AudioLib/AudEffector.cpp	False		unresolved
decomp/src/Game/AudioLib/AudFader.cpp	src/Game/AudioLib/AudFader.cpp	True		unresolved
decomp/src/Game/AudioLib/AudMicWrap.cpp	src/Game/AudioLib/AudMicWrap.cpp	False		unresolved
decomp/src/Game/AudioLib/AudRemixMgr.cpp	src/Game/AudioLib/AudRemixMgr.cpp	False		unresolved
decomp/src/Game/AudioLib/AudRemixSequencer.cpp	src/Game/AudioLib/AudRemixSequencer.cpp	False		unresolved
decomp/src/Game/AudioLib/AudSceneMgr.cpp	src/Game/AudioLib/AudSceneMgr.cpp	False		unresolved
decomp/src/Game/AudioLib/AudSeStrategy.cpp	src/Game/AudioLib/AudSeStrategy.cpp	False		unresolved
decomp/src/Game/AudioLib/AudSoundInfo.cpp	src/Game/AudioLib/AudSoundInfo.cpp	False		unresolved
decomp/src/Game/AudioLib/AudSoundObjHolder.cpp	src/Game/AudioLib/AudSoundObjHolder.cpp	False		unresolved
decomp/src/Game/AudioLib/AudSoundObject.cpp	src/Game/AudioLib/AudSoundObject.cpp	False		unresolved
decomp/src/Game/AudioLib/AudSoundObject_Gohara.cpp	src/Game/AudioLib/AudSoundObject_Gohara.cpp	False		unresolved
decomp/src/Game/AudioLib/AudSoundObject_Kawamura.cpp	src/Game/AudioLib/AudSoundObject_Kawamura.cpp	False		unresolved
decomp/src/Game/AudioLib/AudSoundObject_Takezawa.cpp	src/Game/AudioLib/AudSoundObject_Takezawa.cpp	False		unresolved
decomp/src/Game/AudioLib/AudSpeakerWrap.cpp	src/Game/AudioLib/AudSpeakerWrap.cpp	False		unresolved
decomp/src/Game/AudioLib/AudSystem.cpp	src/Game/AudioLib/AudSystem.cpp	False		unresolved
decomp/src/Game/AudioLib/AudSystemVolumeController.cpp	src/Game/AudioLib/AudSystemVolumeController.cpp	True		unresolved
decomp/src/Game/AudioLib/AudTrackController.cpp	src/Game/AudioLib/AudTrackController.cpp	True		unresolved
decomp/src/Game/AudioLib/AudUtil.cpp	src/Game/AudioLib/AudUtil.cpp	False		unresolved
decomp/src/Game/AudioLib/AudWrap.cpp	src/Game/AudioLib/AudWrap.cpp	True		unresolved
decomp/src/Game/AudioLib/OverwriteJAudio.cpp	src/Game/AudioLib/OverwriteJAudio.cpp	False		unresolved
decomp/src/Game/Boss/BossAccessor.cpp	src/Game/Boss/BossAccessor.cpp	False		unresolved
decomp/src/Game/Boss/BossBegoman.cpp	src/Game/Boss/BossBegoman.cpp	False		unresolved
decomp/src/Game/Boss/BossBegomanHead.cpp	src/Game/Boss/BossBegomanHead.cpp	False		unresolved
decomp/src/Game/Boss/BossKameck.cpp	src/Game/Boss/BossKameck.cpp	False		unresolved
decomp/src/Game/Boss/BossKameckAction.cpp	src/Game/Boss/BossKameckAction.cpp	False		unresolved
decomp/src/Game/Boss/BossKameckBarrier.cpp	src/Game/Boss/BossKameckBarrier.cpp	False		unresolved
decomp/src/Game/Boss/BossKameckBattleDemo.cpp	src/Game/Boss/BossKameckBattleDemo.cpp	False		unresolved
decomp/src/Game/Boss/BossKameckBattlePattarn.cpp	src/Game/Boss/BossKameckBattlePattarn.cpp	False		unresolved
decomp/src/Game/Boss/BossKameckMoveRail.cpp	src/Game/Boss/BossKameckMoveRail.cpp	False		unresolved
decomp/src/Game/Boss/BossKameckSequencer.cpp	src/Game/Boss/BossKameckSequencer.cpp	False		unresolved
decomp/src/Game/Boss/BossKameckStateBattle.cpp	src/Game/Boss/BossKameckStateBattle.cpp	False		unresolved
decomp/src/Game/Boss/BossKameckVs1.cpp	src/Game/Boss/BossKameckVs1.cpp	False		unresolved
decomp/src/Game/Boss/BossKameckVs2.cpp	src/Game/Boss/BossKameckVs2.cpp	False		unresolved
decomp/src/Game/Boss/BossStinkBug.cpp	src/Game/Boss/BossStinkBug.cpp	False		unresolved
decomp/src/Game/Boss/BossStinkBugActionBase.cpp	src/Game/Boss/BossStinkBugActionBase.cpp	False		unresolved
decomp/src/Game/Boss/BossStinkBugActionFlyHigh.cpp	src/Game/Boss/BossStinkBugActionFlyHigh.cpp	False		unresolved
decomp/src/Game/Boss/BossStinkBugActionFlyLow.cpp	src/Game/Boss/BossStinkBugActionFlyLow.cpp	False		unresolved
decomp/src/Game/Boss/BossStinkBugActionGround.cpp	src/Game/Boss/BossStinkBugActionGround.cpp	False		unresolved
decomp/src/Game/Boss/BossStinkBugActionSequencer.cpp	src/Game/Boss/BossStinkBugActionSequencer.cpp	False		unresolved
decomp/src/Game/Boss/BossStinkBugAngryDemo.cpp	src/Game/Boss/BossStinkBugAngryDemo.cpp	False		unresolved
decomp/src/Game/Boss/BossStinkBugBomb.cpp	src/Game/Boss/BossStinkBugBomb.cpp	False		unresolved
decomp/src/Game/Boss/BossStinkBugBombHolder.cpp	src/Game/Boss/BossStinkBugBombHolder.cpp	False		unresolved
decomp/src/Game/Boss/BossStinkBugFinishDemo.cpp	src/Game/Boss/BossStinkBugFinishDemo.cpp	False		unresolved
decomp/src/Game/Boss/BossStinkBugFlyDemo.cpp	src/Game/Boss/BossStinkBugFlyDemo.cpp	False		unresolved
decomp/src/Game/Boss/BossStinkBugFunction.cpp	src/Game/Boss/BossStinkBugFunction.cpp	False		unresolved
decomp/src/Game/Boss/BossStinkBugOpeningDemo.cpp	src/Game/Boss/BossStinkBugOpeningDemo.cpp	False		unresolved
decomp/src/Game/Boss/DinoPackun.cpp	src/Game/Boss/DinoPackun.cpp	False		unresolved
decomp/src/Game/Boss/DinoPackunAction.cpp	src/Game/Boss/DinoPackunAction.cpp	False		unresolved
decomp/src/Game/Boss/DinoPackunBall.cpp	src/Game/Boss/DinoPackunBall.cpp	False		unresolved
decomp/src/Game/Boss/DinoPackunBattleEgg.cpp	src/Game/Boss/DinoPackunBattleEgg.cpp	False		unresolved
decomp/src/Game/Boss/DinoPackunBattleEggVs2.cpp	src/Game/Boss/DinoPackunBattleEggVs2.cpp	False		unresolved
decomp/src/Game/Boss/DinoPackunBattleVs1Lv1.cpp	src/Game/Boss/DinoPackunBattleVs1Lv1.cpp	False		unresolved
decomp/src/Game/Boss/DinoPackunBattleVs1Lv2.cpp	src/Game/Boss/DinoPackunBattleVs1Lv2.cpp	False		unresolved
decomp/src/Game/Boss/DinoPackunBattleVs2Lv1.cpp	src/Game/Boss/DinoPackunBattleVs2Lv1.cpp	False		unresolved
decomp/src/Game/Boss/DinoPackunDemo.cpp	src/Game/Boss/DinoPackunDemo.cpp	False		unresolved
decomp/src/Game/Boss/DinoPackunDemoPosition.cpp	src/Game/Boss/DinoPackunDemoPosition.cpp	False		unresolved
decomp/src/Game/Boss/DinoPackunEggShell.cpp	src/Game/Boss/DinoPackunEggShell.cpp	False		unresolved
decomp/src/Game/Boss/DinoPackunFire.cpp	src/Game/Boss/DinoPackunFire.cpp	False		unresolved
decomp/src/Game/Boss/DinoPackunSequencer.cpp	src/Game/Boss/DinoPackunSequencer.cpp	False		unresolved
decomp/src/Game/Boss/DinoPackunStateAwake.cpp	src/Game/Boss/DinoPackunStateAwake.cpp	False		unresolved
decomp/src/Game/Boss/DinoPackunStateDamage.cpp	src/Game/Boss/DinoPackunStateDamage.cpp	False		unresolved
decomp/src/Game/Boss/DinoPackunStateFire.cpp	src/Game/Boss/DinoPackunStateFire.cpp	False		unresolved
decomp/src/Game/Boss/DinoPackunTail.cpp	src/Game/Boss/DinoPackunTail.cpp	False		unresolved
decomp/src/Game/Boss/DinoPackunTailNode.cpp	src/Game/Boss/DinoPackunTailNode.cpp	False		unresolved
decomp/src/Game/Boss/DinoPackunTailPart.cpp	src/Game/Boss/DinoPackunTailPart.cpp	False		unresolved
decomp/src/Game/Boss/DinoPackunTailRoot.cpp	src/Game/Boss/DinoPackunTailRoot.cpp	False		unresolved
decomp/src/Game/Boss/DinoPackunTrackFire.cpp	src/Game/Boss/DinoPackunTrackFire.cpp	False		unresolved
decomp/src/Game/Boss/DinoPackunVs1.cpp	src/Game/Boss/DinoPackunVs1.cpp	False		unresolved
decomp/src/Game/Boss/DinoPackunVs2.cpp	src/Game/Boss/DinoPackunVs2.cpp	False		unresolved
decomp/src/Game/Boss/Dodoryu.cpp	src/Game/Boss/Dodoryu.cpp	False		unresolved
decomp/src/Game/Boss/DodoryuDemo.cpp	src/Game/Boss/DodoryuDemo.cpp	False		unresolved
decomp/src/Game/Boss/DodoryuHill.cpp	src/Game/Boss/DodoryuHill.cpp	False		unresolved
decomp/src/Game/Boss/DodoryuMove.cpp	src/Game/Boss/DodoryuMove.cpp	False		unresolved
decomp/src/Game/Boss/DodoryuStateBase.cpp	src/Game/Boss/DodoryuStateBase.cpp	False		unresolved
decomp/src/Game/Boss/DodoryuStateLv1.cpp	src/Game/Boss/DodoryuStateLv1.cpp	False		unresolved
decomp/src/Game/Boss/DodoryuStateLv2.cpp	src/Game/Boss/DodoryuStateLv2.cpp	False		unresolved
decomp/src/Game/Boss/DodoryuStateWait.cpp	src/Game/Boss/DodoryuStateWait.cpp	False		unresolved
decomp/src/Game/Boss/DodoryuUtil.cpp	src/Game/Boss/DodoryuUtil.cpp	False		unresolved
decomp/src/Game/Boss/Koopa.cpp	src/Game/Boss/Koopa.cpp	False		unresolved
decomp/src/Game/Boss/KoopaBattleBase.cpp	src/Game/Boss/KoopaBattleBase.cpp	False		unresolved
decomp/src/Game/Boss/KoopaBattleMain.cpp	src/Game/Boss/KoopaBattleMain.cpp	False		unresolved
decomp/src/Game/Boss/KoopaBattleStairsBase.cpp	src/Game/Boss/KoopaBattleStairsBase.cpp	False		unresolved
decomp/src/Game/Boss/KoopaBattleStairsVs1.cpp	src/Game/Boss/KoopaBattleStairsVs1.cpp	False		unresolved
decomp/src/Game/Boss/KoopaBattleStairsVs3.cpp	src/Game/Boss/KoopaBattleStairsVs3.cpp	False		unresolved
decomp/src/Game/Boss/KoopaBattleVs3Lv1.cpp	src/Game/Boss/KoopaBattleVs3Lv1.cpp	False		unresolved
decomp/src/Game/Boss/KoopaBattleVs3Lv2.cpp	src/Game/Boss/KoopaBattleVs3Lv2.cpp	False		unresolved
decomp/src/Game/Boss/KoopaDemoFallToPlanetVs3Lv2.cpp	src/Game/Boss/KoopaDemoFallToPlanetVs3Lv2.cpp	False		unresolved
decomp/src/Game/Boss/KoopaDemoFallToPlanetVs3Lv3.cpp	src/Game/Boss/KoopaDemoFallToPlanetVs3Lv3.cpp	False		unresolved
decomp/src/Game/Boss/KoopaDemoJumpToPlanet.cpp	src/Game/Boss/KoopaDemoJumpToPlanet.cpp	False		unresolved
decomp/src/Game/Boss/KoopaDemoPowerUp.cpp	src/Game/Boss/KoopaDemoPowerUp.cpp	False		unresolved
decomp/src/Game/Boss/KoopaFigureBall.cpp	src/Game/Boss/KoopaFigureBall.cpp	False		unresolved
decomp/src/Game/Boss/KoopaFireShort.cpp	src/Game/Boss/KoopaFireShort.cpp	False		unresolved
decomp/src/Game/Boss/KoopaFireStairs.cpp	src/Game/Boss/KoopaFireStairs.cpp	False		unresolved
decomp/src/Game/Boss/KoopaFunction.cpp	src/Game/Boss/KoopaFunction.cpp	False		unresolved
decomp/src/Game/Boss/KoopaParts.cpp	src/Game/Boss/KoopaParts.cpp	False		unresolved
decomp/src/Game/Boss/KoopaPlanetShadow.cpp	src/Game/Boss/KoopaPlanetShadow.cpp	False		unresolved
decomp/src/Game/Boss/KoopaPowerUpSwitch.cpp	src/Game/Boss/KoopaPowerUpSwitch.cpp	False		unresolved
decomp/src/Game/Boss/KoopaRestarterVs3.cpp	src/Game/Boss/KoopaRestarterVs3.cpp	False		unresolved
decomp/src/Game/Boss/KoopaRockBreak.cpp	src/Game/Boss/KoopaRockBreak.cpp	False		unresolved
decomp/src/Game/Boss/KoopaSensorCtrl.cpp	src/Game/Boss/KoopaSensorCtrl.cpp	False		unresolved
decomp/src/Game/Boss/KoopaSequencer.cpp	src/Game/Boss/KoopaSequencer.cpp	False		unresolved
decomp/src/Game/Boss/KoopaSequencerVs1.cpp	src/Game/Boss/KoopaSequencerVs1.cpp	False		unresolved
decomp/src/Game/Boss/KoopaSequencerVs2.cpp	src/Game/Boss/KoopaSequencerVs2.cpp	False		unresolved
decomp/src/Game/Boss/KoopaSequencerVs3.cpp	src/Game/Boss/KoopaSequencerVs3.cpp	False		unresolved
decomp/src/Game/Boss/KoopaShockWave.cpp	src/Game/Boss/KoopaShockWave.cpp	False		unresolved
decomp/src/Game/Boss/KoopaStateAttackFireLong.cpp	src/Game/Boss/KoopaStateAttackFireLong.cpp	False		unresolved
decomp/src/Game/Boss/KoopaStateAttackFireShort.cpp	src/Game/Boss/KoopaStateAttackFireShort.cpp	False		unresolved
decomp/src/Game/Boss/KoopaStateAttackHipDrop.cpp	src/Game/Boss/KoopaStateAttackHipDrop.cpp	False		unresolved
decomp/src/Game/Boss/KoopaStateAttackRoll.cpp	src/Game/Boss/KoopaStateAttackRoll.cpp	False		unresolved
decomp/src/Game/Boss/KoopaStateAttackShockWave.cpp	src/Game/Boss/KoopaStateAttackShockWave.cpp	False		unresolved
decomp/src/Game/Boss/KoopaStateAttackSpin.cpp	src/Game/Boss/KoopaStateAttackSpin.cpp	False		unresolved
decomp/src/Game/Boss/KoopaStateChaseRoll.cpp	src/Game/Boss/KoopaStateChaseRoll.cpp	False		unresolved
decomp/src/Game/Boss/KoopaStateDamageEscape.cpp	src/Game/Boss/KoopaStateDamageEscape.cpp	False		unresolved
decomp/src/Game/Boss/KoopaStateGuard.cpp	src/Game/Boss/KoopaStateGuard.cpp	False		unresolved
decomp/src/Game/Boss/KoopaStateJumpAway.cpp	src/Game/Boss/KoopaStateJumpAway.cpp	False		unresolved
decomp/src/Game/Boss/KoopaSubSequenceBattle.cpp	src/Game/Boss/KoopaSubSequenceBattle.cpp	False		unresolved
decomp/src/Game/Boss/KoopaSwitchKeeper.cpp	src/Game/Boss/KoopaSwitchKeeper.cpp	False		unresolved
decomp/src/Game/Boss/KoopaViewSwitchKeeper.cpp	src/Game/Boss/KoopaViewSwitchKeeper.cpp	False		unresolved
decomp/src/Game/Boss/OtaKing.cpp	src/Game/Boss/OtaKing.cpp	False		unresolved
decomp/src/Game/Boss/OtaKingLongFoot.cpp	src/Game/Boss/OtaKingLongFoot.cpp	False		unresolved
decomp/src/Game/Boss/OtaKingMagma.cpp	src/Game/Boss/OtaKingMagma.cpp	False		unresolved
decomp/src/Game/Boss/Polta.cpp	src/Game/Boss/Polta.cpp	False		unresolved
decomp/src/Game/Boss/PoltaActionBase.cpp	src/Game/Boss/PoltaActionBase.cpp	False		unresolved
decomp/src/Game/Boss/PoltaActionSequencer.cpp	src/Game/Boss/PoltaActionSequencer.cpp	False		unresolved
decomp/src/Game/Boss/PoltaArm.cpp	src/Game/Boss/PoltaArm.cpp	False		unresolved
decomp/src/Game/Boss/PoltaBattleLv1.cpp	src/Game/Boss/PoltaBattleLv1.cpp	False		unresolved
decomp/src/Game/Boss/PoltaBattleLv2.cpp	src/Game/Boss/PoltaBattleLv2.cpp	False		unresolved
decomp/src/Game/Boss/PoltaDemo.cpp	src/Game/Boss/PoltaDemo.cpp	False		unresolved
decomp/src/Game/Boss/PoltaFunction.cpp	src/Game/Boss/PoltaFunction.cpp	False		unresolved
decomp/src/Game/Boss/PoltaGroundRock.cpp	src/Game/Boss/PoltaGroundRock.cpp	False		unresolved
decomp/src/Game/Boss/PoltaGroundRockHolder.cpp	src/Game/Boss/PoltaGroundRockHolder.cpp	False		unresolved
decomp/src/Game/Boss/PoltaRock.cpp	src/Game/Boss/PoltaRock.cpp	False		unresolved
decomp/src/Game/Boss/PoltaRockHolder.cpp	src/Game/Boss/PoltaRockHolder.cpp	False		unresolved
decomp/src/Game/Boss/PoltaSensorCtrl.cpp	src/Game/Boss/PoltaSensorCtrl.cpp	False		unresolved
decomp/src/Game/Boss/PoltaStateAttackGround.cpp	src/Game/Boss/PoltaStateAttackGround.cpp	False		unresolved
decomp/src/Game/Boss/PoltaStateGenerateRock.cpp	src/Game/Boss/PoltaStateGenerateRock.cpp	False		unresolved
decomp/src/Game/Boss/PoltaStateGroundRockAttack.cpp	src/Game/Boss/PoltaStateGroundRockAttack.cpp	False		unresolved
decomp/src/Game/Boss/PoltaStatePunch.cpp	src/Game/Boss/PoltaStatePunch.cpp	False		unresolved
decomp/src/Game/Boss/PoltaStateStagger.cpp	src/Game/Boss/PoltaStateStagger.cpp	False		unresolved
decomp/src/Game/Boss/PoltaWaitStart.cpp	src/Game/Boss/PoltaWaitStart.cpp	False		unresolved
decomp/src/Game/Boss/SkeletalFishBaby.cpp	src/Game/Boss/SkeletalFishBaby.cpp	False		unresolved
decomp/src/Game/Boss/SkeletalFishBabyRail.cpp	src/Game/Boss/SkeletalFishBabyRail.cpp	False		unresolved
decomp/src/Game/Boss/SkeletalFishBabyRailHolder.cpp	src/Game/Boss/SkeletalFishBabyRailHolder.cpp	False		unresolved
decomp/src/Game/Boss/SkeletalFishBoss.cpp	src/Game/Boss/SkeletalFishBoss.cpp	False		unresolved
decomp/src/Game/Boss/SkeletalFishBossBattleDirector.cpp	src/Game/Boss/SkeletalFishBossBattleDirector.cpp	False		unresolved
decomp/src/Game/Boss/SkeletalFishBossFunc.cpp	src/Game/Boss/SkeletalFishBossFunc.cpp	False		unresolved
decomp/src/Game/Boss/SkeletalFishBossInfo.cpp	src/Game/Boss/SkeletalFishBossInfo.cpp	False		unresolved
decomp/src/Game/Boss/SkeletalFishBossRail.cpp	src/Game/Boss/SkeletalFishBossRail.cpp	False		unresolved
decomp/src/Game/Boss/SkeletalFishBossRailHolder.cpp	src/Game/Boss/SkeletalFishBossRailHolder.cpp	False		unresolved
decomp/src/Game/Boss/SkeletalFishGuard.cpp	src/Game/Boss/SkeletalFishGuard.cpp	False		unresolved
decomp/src/Game/Boss/SkeletalFishGuardHolder.cpp	src/Game/Boss/SkeletalFishGuardHolder.cpp	False		unresolved
decomp/src/Game/Boss/SkeletalFishJointCalc.cpp	src/Game/Boss/SkeletalFishJointCalc.cpp	False		unresolved
decomp/src/Game/Boss/SkeletalFishRailControl.cpp	src/Game/Boss/SkeletalFishRailControl.cpp	False		unresolved
decomp/src/Game/Boss/TombSpider.cpp	src/Game/Boss/TombSpider.cpp	False		unresolved
decomp/src/Game/Boss/TombSpiderAcid.cpp	src/Game/Boss/TombSpiderAcid.cpp	False		unresolved
decomp/src/Game/Boss/TombSpiderAction1st.cpp	src/Game/Boss/TombSpiderAction1st.cpp	False		unresolved
decomp/src/Game/Boss/TombSpiderAction2nd.cpp	src/Game/Boss/TombSpiderAction2nd.cpp	False		unresolved
decomp/src/Game/Boss/TombSpiderActionBase.cpp	src/Game/Boss/TombSpiderActionBase.cpp	False		unresolved
decomp/src/Game/Boss/TombSpiderActionCocoon.cpp	src/Game/Boss/TombSpiderActionCocoon.cpp	False		unresolved
decomp/src/Game/Boss/TombSpiderDemo.cpp	src/Game/Boss/TombSpiderDemo.cpp	False		unresolved
decomp/src/Game/Boss/TombSpiderEnvironment.cpp	src/Game/Boss/TombSpiderEnvironment.cpp	False		unresolved
decomp/src/Game/Boss/TombSpiderFunction.cpp	src/Game/Boss/TombSpiderFunction.cpp	False		unresolved
decomp/src/Game/Boss/TombSpiderGland.cpp	src/Game/Boss/TombSpiderGland.cpp	False		unresolved
decomp/src/Game/Boss/TombSpiderParts.cpp	src/Game/Boss/TombSpiderParts.cpp	False		unresolved
decomp/src/Game/Boss/TombSpiderSensorCtrl.cpp	src/Game/Boss/TombSpiderSensorCtrl.cpp	False		unresolved
decomp/src/Game/Boss/TombSpiderStateSwoon.cpp	src/Game/Boss/TombSpiderStateSwoon.cpp	False		unresolved
decomp/src/Game/Boss/TombSpiderThreadAttacher.cpp	src/Game/Boss/TombSpiderThreadAttacher.cpp	False		unresolved
decomp/src/Game/Boss/TombSpiderVitalSpot.cpp	src/Game/Boss/TombSpiderVitalSpot.cpp	False		unresolved
decomp/src/Game/Boss/TripodBoss.cpp	src/Game/Boss/TripodBoss.cpp	False		unresolved
decomp/src/Game/Boss/TripodBossAccesser.cpp	src/Game/Boss/TripodBossAccesser.cpp	False		unresolved
decomp/src/Game/Boss/TripodBossBaseJointPosition.cpp	src/Game/Boss/TripodBossBaseJointPosition.cpp	False		unresolved
decomp/src/Game/Boss/TripodBossBreakMovement.cpp	src/Game/Boss/TripodBossBreakMovement.cpp	False		unresolved
decomp/src/Game/Boss/TripodBossCoin.cpp	src/Game/Boss/TripodBossCoin.cpp	False		unresolved
decomp/src/Game/Boss/TripodBossCore.cpp	src/Game/Boss/TripodBossCore.cpp	False		unresolved
decomp/src/Game/Boss/TripodBossFixParts.cpp	src/Game/Boss/TripodBossFixParts.cpp	False		unresolved
decomp/src/Game/Boss/TripodBossFixPartsBase.cpp	src/Game/Boss/TripodBossFixPartsBase.cpp	False		unresolved
decomp/src/Game/Boss/TripodBossGuardWall.cpp	src/Game/Boss/TripodBossGuardWall.cpp	False		unresolved
decomp/src/Game/Boss/TripodBossGuardWallPart.cpp	src/Game/Boss/TripodBossGuardWallPart.cpp	False		unresolved
decomp/src/Game/Boss/TripodBossKillerGenerater.cpp	src/Game/Boss/TripodBossKillerGenerater.cpp	False		unresolved
decomp/src/Game/Boss/TripodBossKillerGeneraterCircle.cpp	src/Game/Boss/TripodBossKillerGeneraterCircle.cpp	False		unresolved
decomp/src/Game/Boss/TripodBossKinokoOneUp.cpp	src/Game/Boss/TripodBossKinokoOneUp.cpp	False		unresolved
decomp/src/Game/Boss/TripodBossLeg.cpp	src/Game/Boss/TripodBossLeg.cpp	False		unresolved
decomp/src/Game/Boss/TripodBossMovableArea.cpp	src/Game/Boss/TripodBossMovableArea.cpp	False		unresolved
decomp/src/Game/Boss/TripodBossRailMoveParts.cpp	src/Game/Boss/TripodBossRailMoveParts.cpp	False		unresolved
decomp/src/Game/Boss/TripodBossRotateParts.cpp	src/Game/Boss/TripodBossRotateParts.cpp	False		unresolved
decomp/src/Game/Boss/TripodBossShell.cpp	src/Game/Boss/TripodBossShell.cpp	False		unresolved
decomp/src/Game/Boss/TripodBossStepPoint.cpp	src/Game/Boss/TripodBossStepPoint.cpp	False		unresolved
decomp/src/Game/Boss/TripodBossStepSequence.cpp	src/Game/Boss/TripodBossStepSequence.cpp	False		unresolved
decomp/src/Game/Boss/TripodBossStepStartArea.cpp	src/Game/Boss/TripodBossStepStartArea.cpp	False		unresolved
decomp/src/Game/Camera/CamPoseSphereInterpolator.cpp	src/Game/Camera/CamPoseSphereInterpolator.cpp	False		unresolved
decomp/src/Game/Camera/CameraLocalUtil.cpp	src/Game/Camera/CameraLocalUtil.cpp	False		unresolved
decomp/src/Game/Camera/CameraTargetObj.cpp	src/Game/Camera/CameraTargetObj.cpp	False		unresolved
decomp/src/Game/Camera/CameraTestObj.cpp	src/Game/Camera/CameraTestObj.cpp	False		unresolved
decomp/src/Game/Demo/AstroDomeDemoStarter.cpp	src/Game/Demo/AstroDomeDemoStarter.cpp	False		unresolved
decomp/src/Game/Demo/DemoCtrlBase.cpp	src/Game/Demo/DemoCtrlBase.cpp	False		unresolved
decomp/src/Game/Demo/DemoKoopaJrShip.cpp	src/Game/Demo/DemoKoopaJrShip.cpp	False		unresolved
decomp/src/Game/Demo/DemoParamCommonDataTable.cpp	src/Game/Demo/DemoParamCommonDataTable.cpp	False		unresolved
decomp/src/Game/Demo/GrandStarReturnDemoStarter.cpp	src/Game/Demo/GrandStarReturnDemoStarter.cpp	False		unresolved
decomp/src/Game/Demo/ReturnDemoRailMove.cpp	src/Game/Demo/ReturnDemoRailMove.cpp	False		unresolved
decomp/src/Game/Demo/ScenarioStarter.cpp	src/Game/Demo/ScenarioStarter.cpp	False		unresolved
decomp/src/Game/Demo/StarReturnDemoStarter.cpp	src/Game/Demo/StarReturnDemoStarter.cpp	False		unresolved
decomp/src/Game/Effect/AstroEffectObj.cpp	src/Game/Effect/AstroEffectObj.cpp	False		unresolved
decomp/src/Game/Effect/EffectObjGravityDust.cpp	src/Game/Effect/EffectObjGravityDust.cpp	False		unresolved
decomp/src/Game/Effect/RandomEffectObj.cpp	src/Game/Effect/RandomEffectObj.cpp	False		unresolved
decomp/src/Game/Effect/SpinPullParticleCallBack.cpp	src/Game/Effect/SpinPullParticleCallBack.cpp	False		unresolved
decomp/src/Game/Enemy/AnimStampController.cpp	src/Game/Enemy/AnimStampController.cpp	False		unresolved
decomp/src/Game/Enemy/BallBeamer.cpp	src/Game/Enemy/BallBeamer.cpp	False		unresolved
decomp/src/Game/Enemy/Balloonfish.cpp	src/Game/Enemy/Balloonfish.cpp	False		unresolved
decomp/src/Game/Enemy/BasaBasa.cpp	src/Game/Enemy/BasaBasa.cpp	False		unresolved
decomp/src/Game/Enemy/BegomanBaby.cpp	src/Game/Enemy/BegomanBaby.cpp	False		unresolved
decomp/src/Game/Enemy/BegomanBase.cpp	src/Game/Enemy/BegomanBase.cpp	False		unresolved
decomp/src/Game/Enemy/BegomanLauncher.cpp	src/Game/Enemy/BegomanLauncher.cpp	False		unresolved
decomp/src/Game/Enemy/BegomanSpike.cpp	src/Game/Enemy/BegomanSpike.cpp	False		unresolved
decomp/src/Game/Enemy/BegomanSpring.cpp	src/Game/Enemy/BegomanSpring.cpp	False		unresolved
decomp/src/Game/Enemy/BegomanSpringHead.cpp	src/Game/Enemy/BegomanSpringHead.cpp	False		unresolved
decomp/src/Game/Enemy/Birikyu.cpp	src/Game/Enemy/Birikyu.cpp	False		unresolved
decomp/src/Game/Enemy/BombBird.cpp	src/Game/Enemy/BombBird.cpp	False		unresolved
decomp/src/Game/Enemy/BombBirdBomb.cpp	src/Game/Enemy/BombBirdBomb.cpp	False		unresolved
decomp/src/Game/Enemy/BombHei.cpp	src/Game/Enemy/BombHei.cpp	False		unresolved
decomp/src/Game/Enemy/BombHeiLauncher.cpp	src/Game/Enemy/BombHeiLauncher.cpp	False		unresolved
decomp/src/Game/Enemy/BombTeresa.cpp	src/Game/Enemy/BombTeresa.cpp	False		unresolved
decomp/src/Game/Enemy/CannonShellBase.cpp	src/Game/Enemy/CannonShellBase.cpp	False		unresolved
decomp/src/Game/Enemy/CocoNutBall.cpp	src/Game/Enemy/CocoNutBall.cpp	False		unresolved
decomp/src/Game/Enemy/CocoSambo.cpp	src/Game/Enemy/CocoSambo.cpp	False		unresolved
decomp/src/Game/Enemy/DharmaSambo.cpp	src/Game/Enemy/DharmaSambo.cpp	False		unresolved
decomp/src/Game/Enemy/Dossun.cpp	src/Game/Enemy/Dossun.cpp	False		unresolved
decomp/src/Game/Enemy/ElectricPressureBullet.cpp	src/Game/Enemy/ElectricPressureBullet.cpp	False		unresolved
decomp/src/Game/Enemy/EyeBeamer.cpp	src/Game/Enemy/EyeBeamer.cpp	False		unresolved
decomp/src/Game/Enemy/FireBall.cpp	src/Game/Enemy/FireBall.cpp	False		unresolved
decomp/src/Game/Enemy/FireBubble.cpp	src/Game/Enemy/FireBubble.cpp	False		unresolved
decomp/src/Game/Enemy/Gesso.cpp	src/Game/Enemy/Gesso.cpp	False		unresolved
decomp/src/Game/Enemy/HammerHeadPackun.cpp	src/Game/Enemy/HammerHeadPackun.cpp	False		unresolved
decomp/src/Game/Enemy/Hanachan.cpp	src/Game/Enemy/Hanachan.cpp	False		unresolved
decomp/src/Game/Enemy/HomingKiller.cpp	src/Game/Enemy/HomingKiller.cpp	False		unresolved
decomp/src/Game/Enemy/IceMerameraKing.cpp	src/Game/Enemy/IceMerameraKing.cpp	False		unresolved
decomp/src/Game/Enemy/ItemGenerator.cpp	src/Game/Enemy/ItemGenerator.cpp	False		unresolved
decomp/src/Game/Enemy/Jellyfish.cpp	src/Game/Enemy/Jellyfish.cpp	False		unresolved
decomp/src/Game/Enemy/JellyfishElectric.cpp	src/Game/Enemy/JellyfishElectric.cpp	False		unresolved
decomp/src/Game/Enemy/Jiraira.cpp	src/Game/Enemy/Jiraira.cpp	False		unresolved
decomp/src/Game/Enemy/JumpBeamer.cpp	src/Game/Enemy/JumpBeamer.cpp	False		unresolved
decomp/src/Game/Enemy/JumpGuarder.cpp	src/Game/Enemy/JumpGuarder.cpp	False		unresolved
decomp/src/Game/Enemy/JumpSpider.cpp	src/Game/Enemy/JumpSpider.cpp	False		unresolved
decomp/src/Game/Enemy/Kabokuri.cpp	src/Game/Enemy/Kabokuri.cpp	False		unresolved
decomp/src/Game/Enemy/KabokuriFire.cpp	src/Game/Enemy/KabokuriFire.cpp	False		unresolved
decomp/src/Game/Enemy/KabokuriFireHolder.cpp	src/Game/Enemy/KabokuriFireHolder.cpp	False		unresolved
decomp/src/Game/Enemy/Kameck.cpp	src/Game/Enemy/Kameck.cpp	False		unresolved
decomp/src/Game/Enemy/KameckBeam.cpp	src/Game/Enemy/KameckBeam.cpp	False		unresolved
decomp/src/Game/Enemy/KameckBeamHolder.cpp	src/Game/Enemy/KameckBeamHolder.cpp	False		unresolved
decomp/src/Game/Enemy/KameckFireBall.cpp	src/Game/Enemy/KameckFireBall.cpp	False		unresolved
decomp/src/Game/Enemy/KameckHolder.cpp	src/Game/Enemy/KameckHolder.cpp	False		unresolved
decomp/src/Game/Enemy/KameckTurtle.cpp	src/Game/Enemy/KameckTurtle.cpp	False		unresolved
decomp/src/Game/Enemy/Kanina.cpp	src/Game/Enemy/Kanina.cpp	False		unresolved
decomp/src/Game/Enemy/Karon.cpp	src/Game/Enemy/Karon.cpp	False		unresolved
decomp/src/Game/Enemy/Kiraira.cpp	src/Game/Enemy/Kiraira.cpp	False		unresolved
decomp/src/Game/Enemy/KoopaJrShip.cpp	src/Game/Enemy/KoopaJrShip.cpp	False		unresolved
decomp/src/Game/Enemy/KoopaJrShipCannonMainShell.cpp	src/Game/Enemy/KoopaJrShipCannonMainShell.cpp	False		unresolved
decomp/src/Game/Enemy/KoopaJrShipCannonShell.cpp	src/Game/Enemy/KoopaJrShipCannonShell.cpp	False		unresolved
decomp/src/Game/Enemy/KoteBug.cpp	src/Game/Enemy/KoteBug.cpp	False		unresolved
decomp/src/Game/Enemy/Kuribo.cpp	src/Game/Enemy/Kuribo.cpp	False		unresolved
decomp/src/Game/Enemy/KuriboChief.cpp	src/Game/Enemy/KuriboChief.cpp	False		unresolved
decomp/src/Game/Enemy/KuriboMini.cpp	src/Game/Enemy/KuriboMini.cpp	False		unresolved
decomp/src/Game/Enemy/MechanicKoopaMini.cpp	src/Game/Enemy/MechanicKoopaMini.cpp	False		unresolved
decomp/src/Game/Enemy/Meramera.cpp	src/Game/Enemy/Meramera.cpp	False		unresolved
decomp/src/Game/Enemy/Metbo.cpp	src/Game/Enemy/Metbo.cpp	False		unresolved
decomp/src/Game/Enemy/Mogu.cpp	src/Game/Enemy/Mogu.cpp	False		unresolved
decomp/src/Game/Enemy/MoguStone.cpp	src/Game/Enemy/MoguStone.cpp	False		unresolved
decomp/src/Game/Enemy/Mogucchi.cpp	src/Game/Enemy/Mogucchi.cpp	False		unresolved
decomp/src/Game/Enemy/MogucchiHill.cpp	src/Game/Enemy/MogucchiHill.cpp	False		unresolved
decomp/src/Game/Enemy/MogucchiRefuseTerritory.cpp	src/Game/Enemy/MogucchiRefuseTerritory.cpp	False		unresolved
decomp/src/Game/Enemy/MogucchiShooter.cpp	src/Game/Enemy/MogucchiShooter.cpp	False		unresolved
decomp/src/Game/Enemy/NokonokoLand.cpp	src/Game/Enemy/NokonokoLand.cpp	False		unresolved
decomp/src/Game/Enemy/OnimasuJump.cpp	src/Game/Enemy/OnimasuJump.cpp	False		unresolved
decomp/src/Game/Enemy/OnimasuPivot.cpp	src/Game/Enemy/OnimasuPivot.cpp	False		unresolved
decomp/src/Game/Enemy/OtaRock.cpp	src/Game/Enemy/OtaRock.cpp	False		unresolved
decomp/src/Game/Enemy/PackunPetit.cpp	src/Game/Enemy/PackunPetit.cpp	False		unresolved
decomp/src/Game/Enemy/Petari.cpp	src/Game/Enemy/Petari.cpp	False		unresolved
decomp/src/Game/Enemy/Poihana.cpp	src/Game/Enemy/Poihana.cpp	False		unresolved
decomp/src/Game/Enemy/Pukupuku.cpp	src/Game/Enemy/Pukupuku.cpp	False		unresolved
decomp/src/Game/Enemy/RingBeam.cpp	src/Game/Enemy/RingBeam.cpp	False		unresolved
decomp/src/Game/Enemy/RingBeamer.cpp	src/Game/Enemy/RingBeamer.cpp	False		unresolved
decomp/src/Game/Enemy/SamboFunction.cpp	src/Game/Enemy/SamboFunction.cpp	False		unresolved
decomp/src/Game/Enemy/SamboHead.cpp	src/Game/Enemy/SamboHead.cpp	False		unresolved
decomp/src/Game/Enemy/SearchBeamer.cpp	src/Game/Enemy/SearchBeamer.cpp	False		unresolved
decomp/src/Game/Enemy/Snakehead.cpp	src/Game/Enemy/Snakehead.cpp	False		unresolved
decomp/src/Game/Enemy/SpinHitController.cpp	src/Game/Enemy/SpinHitController.cpp	False		unresolved
decomp/src/Game/Enemy/StinkBugBase.cpp	src/Game/Enemy/StinkBugBase.cpp	False		unresolved
decomp/src/Game/Enemy/StinkBugParent.cpp	src/Game/Enemy/StinkBugParent.cpp	False		unresolved
decomp/src/Game/Enemy/StinkBugSmall.cpp	src/Game/Enemy/StinkBugSmall.cpp	False		unresolved
decomp/src/Game/Enemy/StringSpider.cpp	src/Game/Enemy/StringSpider.cpp	False		unresolved
decomp/src/Game/Enemy/TakoHei.cpp	src/Game/Enemy/TakoHei.cpp	False		unresolved
decomp/src/Game/Enemy/TakoHeiInk.cpp	src/Game/Enemy/TakoHeiInk.cpp	False		unresolved
decomp/src/Game/Enemy/TakoHeiInkHolder.cpp	src/Game/Enemy/TakoHeiInkHolder.cpp	False		unresolved
decomp/src/Game/Enemy/Takobo.cpp	src/Game/Enemy/Takobo.cpp	False		unresolved
decomp/src/Game/Enemy/Teresa.cpp	src/Game/Enemy/Teresa.cpp	False		unresolved
decomp/src/Game/Enemy/TeresaWater.cpp	src/Game/Enemy/TeresaWater.cpp	False		unresolved
decomp/src/Game/Enemy/TerritoryMover.cpp	src/Game/Enemy/TerritoryMover.cpp	False		unresolved
decomp/src/Game/Enemy/Unizo.cpp	src/Game/Enemy/Unizo.cpp	False		unresolved
decomp/src/Game/Enemy/UnizoLauncher.cpp	src/Game/Enemy/UnizoLauncher.cpp	False		unresolved
decomp/src/Game/Enemy/WalkerStateBindStarPointer.cpp	src/Game/Enemy/WalkerStateBindStarPointer.cpp	False		unresolved
decomp/src/Game/Enemy/WalkerStateChase.cpp	src/Game/Enemy/WalkerStateChase.cpp	False		unresolved
decomp/src/Game/Enemy/WalkerStateFindPlayer.cpp	src/Game/Enemy/WalkerStateFindPlayer.cpp	False		unresolved
decomp/src/Game/Enemy/WalkerStateFunction.cpp	src/Game/Enemy/WalkerStateFunction.cpp	False		unresolved
decomp/src/Game/Enemy/WalkerStateParam.cpp	src/Game/Enemy/WalkerStateParam.cpp	False		unresolved
decomp/src/Game/Enemy/WalkerStateStagger.cpp	src/Game/Enemy/WalkerStateStagger.cpp	False		unresolved
decomp/src/Game/Enemy/WalkerStateWander.cpp	src/Game/Enemy/WalkerStateWander.cpp	False		unresolved
decomp/src/Game/Enemy/WaterBazooka.cpp	src/Game/Enemy/WaterBazooka.cpp	False		unresolved
decomp/src/Game/Enemy/WaterBazookaCapsule.cpp	src/Game/Enemy/WaterBazookaCapsule.cpp	False		unresolved
decomp/src/Game/GameAudio/AudCameraWatcher.cpp	src/Game/GameAudio/AudCameraWatcher.cpp	False		unresolved
decomp/src/Game/GameAudio/AudEffectDirector.cpp	src/Game/GameAudio/AudEffectDirector.cpp	False		unresolved
decomp/src/Game/GameAudio/AudSeKeeper.cpp	src/Game/GameAudio/AudSeKeeper.cpp	False		unresolved
decomp/src/Game/GameAudio/AudTamakoroBgmCtrl.cpp	src/Game/GameAudio/AudTamakoroBgmCtrl.cpp	False		unresolved
decomp/src/Game/LiveActor/ActiveActorList.cpp	src/Game/LiveActor/ActiveActorList.cpp	False		unresolved
decomp/src/Game/LiveActor/ActorJointCtrl.cpp	src/Game/LiveActor/ActorJointCtrl.cpp	False		unresolved
decomp/src/Game/LiveActor/AnimationRandomPlayer.cpp	src/Game/LiveActor/AnimationRandomPlayer.cpp	False		unresolved
decomp/src/Game/LiveActor/FaceJointCtrl.cpp	src/Game/LiveActor/FaceJointCtrl.cpp	False		unresolved
decomp/src/Game/LiveActor/IKJointCtrl.cpp	src/Game/LiveActor/IKJointCtrl.cpp	False		unresolved
decomp/src/Game/LiveActor/ShadowVolumeBox.cpp	src/Game/LiveActor/ShadowVolumeBox.cpp	False		unresolved
decomp/src/Game/LiveActor/SimpleJ3DModelDrawer.cpp	src/Game/LiveActor/SimpleJ3DModelDrawer.cpp	False		unresolved
decomp/src/Game/LiveActor/VolumeModelDrawer.cpp	src/Game/LiveActor/VolumeModelDrawer.cpp	False		unresolved
decomp/src/Game/Map/CollisionParts.cpp	src/Game/Map/CollisionParts.cpp	True		unresolved
decomp/src/Game/Map/FileSelectEffect.cpp	src/Game/Map/FileSelectEffect.cpp	True		unresolved
decomp/src/Game/Map/FileSelectItem.cpp	src/Game/Map/FileSelectItem.cpp	True		unresolved
decomp/src/Game/Map/FileSelector.cpp	src/Game/Map/FileSelector.cpp	True		unresolved
decomp/src/Game/Map/FishGroup.cpp	src/Game/Map/FishGroup.cpp	False		unresolved
decomp/src/Game/Map/Flag.cpp	src/Game/Map/Flag.cpp	False		unresolved
decomp/src/Game/Map/GravityDust.cpp	src/Game/Map/GravityDust.cpp	False		unresolved
decomp/src/Game/Map/Halo.cpp	src/Game/Map/Halo.cpp	False		unresolved
decomp/src/Game/Map/HitInfo.cpp	src/Game/Map/HitInfo.cpp	False		unresolved
decomp/src/Game/Map/KCollision.cpp	src/Game/Map/KCollision.cpp	False		unresolved
decomp/src/Game/Map/KCollisionPlus.cpp	src/Game/Map/KCollisionPlus.cpp	False		unresolved
decomp/src/Game/Map/KoopaBattleMapCoinPlate.cpp	src/Game/Map/KoopaBattleMapCoinPlate.cpp	False		unresolved
decomp/src/Game/Map/KoopaBattleMapDamagePlate.cpp	src/Game/Map/KoopaBattleMapDamagePlate.cpp	False		unresolved
decomp/src/Game/Map/KoopaBattleMapPlanet.cpp	src/Game/Map/KoopaBattleMapPlanet.cpp	False		unresolved
decomp/src/Game/Map/KoopaBattleMapPlate.cpp	src/Game/Map/KoopaBattleMapPlate.cpp	False		unresolved
decomp/src/Game/Map/KoopaBattleMapStair.cpp	src/Game/Map/KoopaBattleMapStair.cpp	False		unresolved
decomp/src/Game/Map/LavaShellTower.cpp	src/Game/Map/LavaShellTower.cpp	False		unresolved
decomp/src/Game/Map/LavaSunPlanet.cpp	src/Game/Map/LavaSunPlanet.cpp	False		unresolved
decomp/src/Game/Map/LightDirector.cpp	src/Game/Map/LightDirector.cpp	True		unresolved
decomp/src/Game/Map/LightFunction.cpp	src/Game/Map/LightFunction.cpp	True		unresolved
decomp/src/Game/Map/OceanBowlBloomDrawer.cpp	src/Game/Map/OceanBowlBloomDrawer.cpp	False		unresolved
decomp/src/Game/Map/OceanHomeMapCtrl.cpp	src/Game/Map/OceanHomeMapCtrl.cpp	False		unresolved
decomp/src/Game/Map/OceanRingBloomDrawer.cpp	src/Game/Map/OceanRingBloomDrawer.cpp	False		unresolved
decomp/src/Game/Map/OceanRingDrawer.cpp	src/Game/Map/OceanRingDrawer.cpp	False		unresolved
decomp/src/Game/Map/OceanRingPipe.cpp	src/Game/Map/OceanRingPipe.cpp	False		unresolved
decomp/src/Game/Map/OceanRingPipeInside.cpp	src/Game/Map/OceanRingPipeInside.cpp	False		unresolved
decomp/src/Game/Map/OceanRingPipeOutside.cpp	src/Game/Map/OceanRingPipeOutside.cpp	False		unresolved
decomp/src/Game/Map/OceanSpherePoint.cpp	src/Game/Map/OceanSpherePoint.cpp	False		unresolved
decomp/src/Game/Map/PlanetMapCreator.cpp	src/Game/Map/PlanetMapCreator.cpp	False		unresolved
decomp/src/Game/Map/PlanetMapWithoutHighModel.cpp	src/Game/Map/PlanetMapWithoutHighModel.cpp	False		unresolved
decomp/src/Game/Map/QuakeEffectGenerator.cpp	src/Game/Map/QuakeEffectGenerator.cpp	False		unresolved
decomp/src/Game/Map/RaceRail.cpp	src/Game/Map/RaceRail.cpp	False		unresolved
decomp/src/Game/Map/RailGraph.cpp	src/Game/Map/RailGraph.cpp	False		unresolved
decomp/src/Game/Map/RailGraphEdge.cpp	src/Game/Map/RailGraphEdge.cpp	False		unresolved
decomp/src/Game/Map/RailGraphIter.cpp	src/Game/Map/RailGraphIter.cpp	False		unresolved
decomp/src/Game/Map/RailGraphNode.cpp	src/Game/Map/RailGraphNode.cpp	False		unresolved
decomp/src/Game/Map/SeaGull.cpp	src/Game/Map/SeaGull.cpp	False		unresolved
decomp/src/Game/Map/SunshadeMapParts.cpp	src/Game/Map/SunshadeMapParts.cpp	False		unresolved
decomp/src/Game/Map/TimerSwitch.cpp	src/Game/Map/TimerSwitch.cpp	False		unresolved
decomp/src/Game/Map/WaterPlant.cpp	src/Game/Map/WaterPlant.cpp	False		unresolved
decomp/src/Game/Map/WaterRoad.cpp	src/Game/Map/WaterRoad.cpp	False		unresolved
decomp/src/Game/MapObj/AirBubble.cpp	src/Game/MapObj/AirBubble.cpp	False		unresolved
decomp/src/Game/MapObj/AirBubbleGenerator.cpp	src/Game/MapObj/AirBubbleGenerator.cpp	False		unresolved
decomp/src/Game/MapObj/AirBubbleHolder.cpp	src/Game/MapObj/AirBubbleHolder.cpp	False		unresolved
decomp/src/Game/MapObj/AnmModelObj.cpp	src/Game/MapObj/AnmModelObj.cpp	False		unresolved
decomp/src/Game/MapObj/ArrowSwitch.cpp	src/Game/MapObj/ArrowSwitch.cpp	False		unresolved
decomp/src/Game/MapObj/ArrowSwitchMulti.cpp	src/Game/MapObj/ArrowSwitchMulti.cpp	False		unresolved
decomp/src/Game/MapObj/ArrowSwitchMultiHolder.cpp	src/Game/MapObj/ArrowSwitchMultiHolder.cpp	False		unresolved
decomp/src/Game/MapObj/AssemblyBlock.cpp	src/Game/MapObj/AssemblyBlock.cpp	False		unresolved
decomp/src/Game/MapObj/AstroCore.cpp	src/Game/MapObj/AstroCore.cpp	False		unresolved
decomp/src/Game/MapObj/AstroCountDownPlate.cpp	src/Game/MapObj/AstroCountDownPlate.cpp	False		unresolved
decomp/src/Game/MapObj/AstroDome.cpp	src/Game/MapObj/AstroDome.cpp	False		unresolved
decomp/src/Game/MapObj/AstroDomeAsteroid.cpp	src/Game/MapObj/AstroDomeAsteroid.cpp	False		unresolved
decomp/src/Game/MapObj/AstroDomeBlueStar.cpp	src/Game/MapObj/AstroDomeBlueStar.cpp	False		unresolved
decomp/src/Game/MapObj/AstroDomeCameraController.cpp	src/Game/MapObj/AstroDomeCameraController.cpp	False		unresolved
decomp/src/Game/MapObj/AstroDomeComet.cpp	src/Game/MapObj/AstroDomeComet.cpp	False		unresolved
decomp/src/Game/MapObj/AstroDomeDemoAstroGalaxy.cpp	src/Game/MapObj/AstroDomeDemoAstroGalaxy.cpp	False		unresolved
decomp/src/Game/MapObj/AstroDomeGalaxySelector.cpp	src/Game/MapObj/AstroDomeGalaxySelector.cpp	False		unresolved
decomp/src/Game/MapObj/AstroDomeOrbit.cpp	src/Game/MapObj/AstroDomeOrbit.cpp	False		unresolved
decomp/src/Game/MapObj/AstroDomeSky.cpp	src/Game/MapObj/AstroDomeSky.cpp	False		unresolved
decomp/src/Game/MapObj/AstroMapBoard.cpp	src/Game/MapObj/AstroMapBoard.cpp	False		unresolved
decomp/src/Game/MapObj/AstroMapObj.cpp	src/Game/MapObj/AstroMapObj.cpp	False		unresolved
decomp/src/Game/MapObj/AstroMapObjFunction.cpp	src/Game/MapObj/AstroMapObjFunction.cpp	False		unresolved
decomp/src/Game/MapObj/AstroOverlookObj.cpp	src/Game/MapObj/AstroOverlookObj.cpp	False		unresolved
decomp/src/Game/MapObj/BallOpener.cpp	src/Game/MapObj/BallOpener.cpp	False		unresolved
decomp/src/Game/MapObj/BallRail.cpp	src/Game/MapObj/BallRail.cpp	False		unresolved
decomp/src/Game/MapObj/Banekiti.cpp	src/Game/MapObj/Banekiti.cpp	False		unresolved
decomp/src/Game/MapObj/BattleShipElevator.cpp	src/Game/MapObj/BattleShipElevator.cpp	False		unresolved
decomp/src/Game/MapObj/BeamGoRoundPlanet.cpp	src/Game/MapObj/BeamGoRoundPlanet.cpp	False		unresolved
decomp/src/Game/MapObj/BeeFlowerHover.cpp	src/Game/MapObj/BeeFlowerHover.cpp	False		unresolved
decomp/src/Game/MapObj/BenefitItemInvincible.cpp	src/Game/MapObj/BenefitItemInvincible.cpp	False		unresolved
decomp/src/Game/MapObj/BenefitItemLifeUp.cpp	src/Game/MapObj/BenefitItemLifeUp.cpp	False		unresolved
decomp/src/Game/MapObj/BenefitItemObj.cpp	src/Game/MapObj/BenefitItemObj.cpp	False		unresolved
decomp/src/Game/MapObj/BigBubbleDrawer.cpp	src/Game/MapObj/BigBubbleDrawer.cpp	False		unresolved
decomp/src/Game/MapObj/BigBubbleGenerator.cpp	src/Game/MapObj/BigBubbleGenerator.cpp	False		unresolved
decomp/src/Game/MapObj/BigBubbleHolder.cpp	src/Game/MapObj/BigBubbleHolder.cpp	False		unresolved
decomp/src/Game/MapObj/BigBubbleMoveLimitter.cpp	src/Game/MapObj/BigBubbleMoveLimitter.cpp	False		unresolved
decomp/src/Game/MapObj/BlueChip.cpp	src/Game/MapObj/BlueChip.cpp	False		unresolved
decomp/src/Game/MapObj/BlueStarCupsulePlanet.cpp	src/Game/MapObj/BlueStarCupsulePlanet.cpp	False		unresolved
decomp/src/Game/MapObj/BreakableCage.cpp	src/Game/MapObj/BreakableCage.cpp	False		unresolved
decomp/src/Game/MapObj/BumpAppearPlanet.cpp	src/Game/MapObj/BumpAppearPlanet.cpp	False		unresolved
decomp/src/Game/MapObj/Candlestand.cpp	src/Game/MapObj/Candlestand.cpp	False		unresolved
decomp/src/Game/MapObj/CannonFortressBreakStep.cpp	src/Game/MapObj/CannonFortressBreakStep.cpp	False		unresolved
decomp/src/Game/MapObj/CapsuleCage.cpp	src/Game/MapObj/CapsuleCage.cpp	False		unresolved
decomp/src/Game/MapObj/ChipBase.cpp	src/Game/MapObj/ChipBase.cpp	False		unresolved
decomp/src/Game/MapObj/ChooChooTrain.cpp	src/Game/MapObj/ChooChooTrain.cpp	False		unresolved
decomp/src/Game/MapObj/CircleCoinGroup.cpp	src/Game/MapObj/CircleCoinGroup.cpp	False		unresolved
decomp/src/Game/MapObj/ClipArea.cpp	src/Game/MapObj/ClipArea.cpp	False		unresolved
decomp/src/Game/MapObj/ClipAreaDrop.cpp	src/Game/MapObj/ClipAreaDrop.cpp	False		unresolved
decomp/src/Game/MapObj/ClipAreaDropHolder.cpp	src/Game/MapObj/ClipAreaDropHolder.cpp	False		unresolved
decomp/src/Game/MapObj/ClipAreaDropLaser.cpp	src/Game/MapObj/ClipAreaDropLaser.cpp	False		unresolved
decomp/src/Game/MapObj/ClipAreaMovable.cpp	src/Game/MapObj/ClipAreaMovable.cpp	False		unresolved
decomp/src/Game/MapObj/ClipAreaShape.cpp	src/Game/MapObj/ClipAreaShape.cpp	False		unresolved
decomp/src/Game/MapObj/ClipFieldFillDraw.cpp	src/Game/MapObj/ClipFieldFillDraw.cpp	False		unresolved
decomp/src/Game/MapObj/ClipFieldMapParts.cpp	src/Game/MapObj/ClipFieldMapParts.cpp	False		unresolved
decomp/src/Game/MapObj/ClipFieldSwitch.cpp	src/Game/MapObj/ClipFieldSwitch.cpp	False		unresolved
decomp/src/Game/MapObj/CocoNut.cpp	src/Game/MapObj/CocoNut.cpp	False		unresolved
decomp/src/Game/MapObj/CoconutTree.cpp	src/Game/MapObj/CoconutTree.cpp	False		unresolved
decomp/src/Game/MapObj/CoconutTreeLeaf.cpp	src/Game/MapObj/CoconutTreeLeaf.cpp	False		unresolved
decomp/src/Game/MapObj/CoinBox.cpp	src/Game/MapObj/CoinBox.cpp	False		unresolved
decomp/src/Game/MapObj/CoinReplica.cpp	src/Game/MapObj/CoinReplica.cpp	False		unresolved
decomp/src/Game/MapObj/CoinSpot.cpp	src/Game/MapObj/CoinSpot.cpp	False		unresolved
decomp/src/Game/MapObj/CollapsePlane.cpp	src/Game/MapObj/CollapsePlane.cpp	False		unresolved
decomp/src/Game/MapObj/CrystalCageMoving.cpp	src/Game/MapObj/CrystalCageMoving.cpp	False		unresolved
decomp/src/Game/MapObj/CrystalSwitch.cpp	src/Game/MapObj/CrystalSwitch.cpp	False		unresolved
decomp/src/Game/MapObj/DashRing.cpp	src/Game/MapObj/DashRing.cpp	False		unresolved
decomp/src/Game/MapObj/DeadLeaves.cpp	src/Game/MapObj/DeadLeaves.cpp	False		unresolved
decomp/src/Game/MapObj/DesertLandMoveSwitch.cpp	src/Game/MapObj/DesertLandMoveSwitch.cpp	False		unresolved
decomp/src/Game/MapObj/DesertMovingLand.cpp	src/Game/MapObj/DesertMovingLand.cpp	False		unresolved
decomp/src/Game/MapObj/DragonHeadFlower.cpp	src/Game/MapObj/DragonHeadFlower.cpp	False		unresolved
decomp/src/Game/MapObj/DriftWood.cpp	src/Game/MapObj/DriftWood.cpp	False		unresolved
decomp/src/Game/MapObj/DynamicCollisionObj.cpp	src/Game/MapObj/DynamicCollisionObj.cpp	True		unresolved
decomp/src/Game/MapObj/ElectricBall.cpp	src/Game/MapObj/ElectricBall.cpp	False		unresolved
decomp/src/Game/MapObj/ElectricRail.cpp	src/Game/MapObj/ElectricRail.cpp	False		unresolved
decomp/src/Game/MapObj/ElectricRailHolder.cpp	src/Game/MapObj/ElectricRailHolder.cpp	False		unresolved
decomp/src/Game/MapObj/ElectricRailMoving.cpp	src/Game/MapObj/ElectricRailMoving.cpp	False		unresolved
decomp/src/Game/MapObj/ExterminationChecker.cpp	src/Game/MapObj/ExterminationChecker.cpp	False		unresolved
decomp/src/Game/MapObj/FallDownBridge.cpp	src/Game/MapObj/FallDownBridge.cpp	False		unresolved
decomp/src/Game/MapObj/FallOutFieldDraw.cpp	src/Game/MapObj/FallOutFieldDraw.cpp	False		unresolved
decomp/src/Game/MapObj/FallingSmallRock.cpp	src/Game/MapObj/FallingSmallRock.cpp	False		unresolved
decomp/src/Game/MapObj/FireBar.cpp	src/Game/MapObj/FireBar.cpp	False		unresolved
decomp/src/Game/MapObj/FirePressure.cpp	src/Game/MapObj/FirePressure.cpp	False		unresolved
decomp/src/Game/MapObj/FirePressureBullet.cpp	src/Game/MapObj/FirePressureBullet.cpp	False		unresolved
decomp/src/Game/MapObj/FirePressureBulletHolder.cpp	src/Game/MapObj/FirePressureBulletHolder.cpp	False		unresolved
decomp/src/Game/MapObj/FirePressureRadiate.cpp	src/Game/MapObj/FirePressureRadiate.cpp	False		unresolved
decomp/src/Game/MapObj/FlameGun.cpp	src/Game/MapObj/FlameGun.cpp	False		unresolved
decomp/src/Game/MapObj/FlexibleSphere.cpp	src/Game/MapObj/FlexibleSphere.cpp	False		unresolved
decomp/src/Game/MapObj/FloaterFloatingForce.cpp	src/Game/MapObj/FloaterFloatingForce.cpp	False		unresolved
decomp/src/Game/MapObj/FloaterFloatingForceTypeNormal.cpp	src/Game/MapObj/FloaterFloatingForceTypeNormal.cpp	False		unresolved
decomp/src/Game/MapObj/FloaterFloatingForceTypeSpring.cpp	src/Game/MapObj/FloaterFloatingForceTypeSpring.cpp	False		unresolved
decomp/src/Game/MapObj/FloaterFunction.cpp	src/Game/MapObj/FloaterFunction.cpp	False		unresolved
decomp/src/Game/MapObj/Fountain.cpp	src/Game/MapObj/Fountain.cpp	False		unresolved
decomp/src/Game/MapObj/FountainBig.cpp	src/Game/MapObj/FountainBig.cpp	False		unresolved
decomp/src/Game/MapObj/GCapture.cpp	src/Game/MapObj/GCapture.cpp	False		unresolved
decomp/src/Game/MapObj/GCaptureRibbon.cpp	src/Game/MapObj/GCaptureRibbon.cpp	False		unresolved
decomp/src/Game/MapObj/GCaptureTarget.cpp	src/Game/MapObj/GCaptureTarget.cpp	False		unresolved
decomp/src/Game/MapObj/GeneralMapParts.cpp	src/Game/MapObj/GeneralMapParts.cpp	False		unresolved
decomp/src/Game/MapObj/GravityLight.cpp	src/Game/MapObj/GravityLight.cpp	False		unresolved
decomp/src/Game/MapObj/GravityLightRoad.cpp	src/Game/MapObj/GravityLightRoad.cpp	False		unresolved
decomp/src/Game/MapObj/GreenCaterpillarBig.cpp	src/Game/MapObj/GreenCaterpillarBig.cpp	False		unresolved
decomp/src/Game/MapObj/HatchWaterPlanet.cpp	src/Game/MapObj/HatchWaterPlanet.cpp	False		unresolved
decomp/src/Game/MapObj/HipDropMoveObj.cpp	src/Game/MapObj/HipDropMoveObj.cpp	False		unresolved
decomp/src/Game/MapObj/HipDropRock.cpp	src/Game/MapObj/HipDropRock.cpp	False		unresolved
decomp/src/Game/MapObj/HipDropSwitch.cpp	src/Game/MapObj/HipDropSwitch.cpp	False		unresolved
decomp/src/Game/MapObj/HipDropTimerSwitch.cpp	src/Game/MapObj/HipDropTimerSwitch.cpp	False		unresolved
decomp/src/Game/MapObj/HitWallTimerSwitch.cpp	src/Game/MapObj/HitWallTimerSwitch.cpp	False		unresolved
decomp/src/Game/MapObj/IceVolcanoUpDownPlane.cpp	src/Game/MapObj/IceVolcanoUpDownPlane.cpp	False		unresolved
decomp/src/Game/MapObj/IronCannonShell.cpp	src/Game/MapObj/IronCannonShell.cpp	False		unresolved
decomp/src/Game/MapObj/ItemAppearStone.cpp	src/Game/MapObj/ItemAppearStone.cpp	False		unresolved
decomp/src/Game/MapObj/ItemBlock.cpp	src/Game/MapObj/ItemBlock.cpp	False		unresolved
decomp/src/Game/MapObj/ItemBubble.cpp	src/Game/MapObj/ItemBubble.cpp	False		unresolved
decomp/src/Game/MapObj/JetTurtle.cpp	src/Game/MapObj/JetTurtle.cpp	False		unresolved
decomp/src/Game/MapObj/JumpHole.cpp	src/Game/MapObj/JumpHole.cpp	False		unresolved
decomp/src/Game/MapObj/JumpStand.cpp	src/Game/MapObj/JumpStand.cpp	False		unresolved
decomp/src/Game/MapObj/KeySwitch.cpp	src/Game/MapObj/KeySwitch.cpp	False		unresolved
decomp/src/Game/MapObj/KillerGunnerSingle.cpp	src/Game/MapObj/KillerGunnerSingle.cpp	False		unresolved
decomp/src/Game/MapObj/LargeChain.cpp	src/Game/MapObj/LargeChain.cpp	False		unresolved
decomp/src/Game/MapObj/LargeChainParts.cpp	src/Game/MapObj/LargeChainParts.cpp	False		unresolved
decomp/src/Game/MapObj/LavaBallRisingPlanetLava.cpp	src/Game/MapObj/LavaBallRisingPlanetLava.cpp	False		unresolved
decomp/src/Game/MapObj/LavaBreakColumn.cpp	src/Game/MapObj/LavaBreakColumn.cpp	False		unresolved
decomp/src/Game/MapObj/LavaFloater.cpp	src/Game/MapObj/LavaFloater.cpp	False		unresolved
decomp/src/Game/MapObj/LavaGalaxyParts.cpp	src/Game/MapObj/LavaGalaxyParts.cpp	False		unresolved
decomp/src/Game/MapObj/LavaGeyser.cpp	src/Game/MapObj/LavaGeyser.cpp	False		unresolved
decomp/src/Game/MapObj/LavaHomeSeesaw.cpp	src/Game/MapObj/LavaHomeSeesaw.cpp	False		unresolved
decomp/src/Game/MapObj/LavaHomeVolcanoFlow.cpp	src/Game/MapObj/LavaHomeVolcanoFlow.cpp	False		unresolved
decomp/src/Game/MapObj/LavaJamboSunPlanet.cpp	src/Game/MapObj/LavaJamboSunPlanet.cpp	False		unresolved
decomp/src/Game/MapObj/LavaProminence.cpp	src/Game/MapObj/LavaProminence.cpp	False		unresolved
decomp/src/Game/MapObj/LavaProminenceTriple.cpp	src/Game/MapObj/LavaProminenceTriple.cpp	False		unresolved
decomp/src/Game/MapObj/LavaSteam.cpp	src/Game/MapObj/LavaSteam.cpp	False		unresolved
decomp/src/Game/MapObj/LavaStrangeRock.cpp	src/Game/MapObj/LavaStrangeRock.cpp	False		unresolved
decomp/src/Game/MapObj/LotusLeaf.cpp	src/Game/MapObj/LotusLeaf.cpp	False		unresolved
decomp/src/Game/MapObj/MagicBell.cpp	src/Game/MapObj/MagicBell.cpp	False		unresolved
decomp/src/Game/MapObj/ManholeCover.cpp	src/Game/MapObj/ManholeCover.cpp	False		unresolved
decomp/src/Game/MapObj/MapObjConnector.cpp	src/Game/MapObj/MapObjConnector.cpp	False		unresolved
decomp/src/Game/MapObj/MapPartsAppearController.cpp	src/Game/MapObj/MapPartsAppearController.cpp	False		unresolved
decomp/src/Game/MapObj/MapPartsBreaker.cpp	src/Game/MapObj/MapPartsBreaker.cpp	False		unresolved
decomp/src/Game/MapObj/MapPartsFloatingForce.cpp	src/Game/MapObj/MapPartsFloatingForce.cpp	False		unresolved
decomp/src/Game/MapObj/MarblePlanet.cpp	src/Game/MapObj/MarblePlanet.cpp	False		unresolved
decomp/src/Game/MapObj/MarioLauncher.cpp	src/Game/MapObj/MarioLauncher.cpp	False		unresolved
decomp/src/Game/MapObj/MarioLauncherAttractor.cpp	src/Game/MapObj/MarioLauncherAttractor.cpp	False		unresolved
decomp/src/Game/MapObj/MechaKoopaPartsArm.cpp	src/Game/MapObj/MechaKoopaPartsArm.cpp	False		unresolved
decomp/src/Game/MapObj/MechaKoopaPartsHead.cpp	src/Game/MapObj/MechaKoopaPartsHead.cpp	False		unresolved
decomp/src/Game/MapObj/MercatorFixParts.cpp	src/Game/MapObj/MercatorFixParts.cpp	False		unresolved
decomp/src/Game/MapObj/MercatorRailMoveParts.cpp	src/Game/MapObj/MercatorRailMoveParts.cpp	False		unresolved
decomp/src/Game/MapObj/MercatorRotateParts.cpp	src/Game/MapObj/MercatorRotateParts.cpp	False		unresolved
decomp/src/Game/MapObj/MeteoContainer.cpp	src/Game/MapObj/MeteoContainer.cpp	False		unresolved
decomp/src/Game/MapObj/MeteorStrike.cpp	src/Game/MapObj/MeteorStrike.cpp	False		unresolved
decomp/src/Game/MapObj/MeteorStrikeLauncher.cpp	src/Game/MapObj/MeteorStrikeLauncher.cpp	False		unresolved
decomp/src/Game/MapObj/MiniatureGalaxy.cpp	src/Game/MapObj/MiniatureGalaxy.cpp	False		unresolved
decomp/src/Game/MapObj/MiniatureGalaxyHolder.cpp	src/Game/MapObj/MiniatureGalaxyHolder.cpp	False		unresolved
decomp/src/Game/MapObj/MorphItemObjNeo.cpp	src/Game/MapObj/MorphItemObjNeo.cpp	False		unresolved
decomp/src/Game/MapObj/NeedlePlant.cpp	src/Game/MapObj/NeedlePlant.cpp	False		unresolved
decomp/src/Game/MapObj/NormalMapBase.cpp	src/Game/MapObj/NormalMapBase.cpp	False		unresolved
decomp/src/Game/MapObj/NormalMapTestObj.cpp	src/Game/MapObj/NormalMapTestObj.cpp	False		unresolved
decomp/src/Game/MapObj/Note.cpp	src/Game/MapObj/Note.cpp	False		unresolved
decomp/src/Game/MapObj/NoteFairy.cpp	src/Game/MapObj/NoteFairy.cpp	False		unresolved
decomp/src/Game/MapObj/OceanFloaterLandParts.cpp	src/Game/MapObj/OceanFloaterLandParts.cpp	False		unresolved
decomp/src/Game/MapObj/OceanSmallTurtle.cpp	src/Game/MapObj/OceanSmallTurtle.cpp	False		unresolved
decomp/src/Game/MapObj/OceanWaveFloater.cpp	src/Game/MapObj/OceanWaveFloater.cpp	False		unresolved
decomp/src/Game/MapObj/PTimerSwitch.cpp	src/Game/MapObj/PTimerSwitch.cpp	False		unresolved
decomp/src/Game/MapObj/PalmIsland.cpp	src/Game/MapObj/PalmIsland.cpp	False		unresolved
decomp/src/Game/MapObj/PeachCastleGardenPlanet.cpp	src/Game/MapObj/PeachCastleGardenPlanet.cpp	False		unresolved
decomp/src/Game/MapObj/PhantomShipBoxFloater.cpp	src/Game/MapObj/PhantomShipBoxFloater.cpp	False		unresolved
decomp/src/Game/MapObj/PhantomShipBridge.cpp	src/Game/MapObj/PhantomShipBridge.cpp	False		unresolved
decomp/src/Game/MapObj/PhantomShipHandle.cpp	src/Game/MapObj/PhantomShipHandle.cpp	False		unresolved
decomp/src/Game/MapObj/PhantomTorch.cpp	src/Game/MapObj/PhantomTorch.cpp	False		unresolved
decomp/src/Game/MapObj/PicketSwitch.cpp	src/Game/MapObj/PicketSwitch.cpp	False		unresolved
decomp/src/Game/MapObj/PlantPoint.cpp	src/Game/MapObj/PlantPoint.cpp	False		unresolved
decomp/src/Game/MapObj/PlantRailInfo.cpp	src/Game/MapObj/PlantRailInfo.cpp	False		unresolved
decomp/src/Game/MapObj/PomponPlant.cpp	src/Game/MapObj/PomponPlant.cpp	False		unresolved
decomp/src/Game/MapObj/PressureBase.cpp	src/Game/MapObj/PressureBase.cpp	False		unresolved
decomp/src/Game/MapObj/PrizeRing.cpp	src/Game/MapObj/PrizeRing.cpp	False		unresolved
decomp/src/Game/MapObj/PunchBox.cpp	src/Game/MapObj/PunchBox.cpp	False		unresolved
decomp/src/Game/MapObj/QuarterRollGravityRoomArrow.cpp	src/Game/MapObj/QuarterRollGravityRoomArrow.cpp	False		unresolved
decomp/src/Game/MapObj/QuestionBoxGalleryObj.cpp	src/Game/MapObj/QuestionBoxGalleryObj.cpp	False		unresolved
decomp/src/Game/MapObj/QuestionCoin.cpp	src/Game/MapObj/QuestionCoin.cpp	False		unresolved
decomp/src/Game/MapObj/RailBlock.cpp	src/Game/MapObj/RailBlock.cpp	False		unresolved
decomp/src/Game/MapObj/RailMoveObj.cpp	src/Game/MapObj/RailMoveObj.cpp	False		unresolved
decomp/src/Game/MapObj/RainCloud.cpp	src/Game/MapObj/RainCloud.cpp	False		unresolved
decomp/src/Game/MapObj/ReverseGravityRoomPlanet.cpp	src/Game/MapObj/ReverseGravityRoomPlanet.cpp	False		unresolved
decomp/src/Game/MapObj/RevolvingWay.cpp	src/Game/MapObj/RevolvingWay.cpp	False		unresolved
decomp/src/Game/MapObj/Rock.cpp	src/Game/MapObj/Rock.cpp	False		unresolved
decomp/src/Game/MapObj/RockCreator.cpp	src/Game/MapObj/RockCreator.cpp	False		unresolved
decomp/src/Game/MapObj/RosettaChair.cpp	src/Game/MapObj/RosettaChair.cpp	False		unresolved
decomp/src/Game/MapObj/RosettaPictureBook.cpp	src/Game/MapObj/RosettaPictureBook.cpp	False		unresolved
decomp/src/Game/MapObj/RotateMoveObj.cpp	src/Game/MapObj/RotateMoveObj.cpp	False		unresolved
decomp/src/Game/MapObj/SandCapsuleInsidePlanet.cpp	src/Game/MapObj/SandCapsuleInsidePlanet.cpp	False		unresolved
decomp/src/Game/MapObj/SandCapsulePressGround.cpp	src/Game/MapObj/SandCapsulePressGround.cpp	False		unresolved
decomp/src/Game/MapObj/SandUpDownEffectObj.cpp	src/Game/MapObj/SandUpDownEffectObj.cpp	False		unresolved
decomp/src/Game/MapObj/SandUpDownTriRock.cpp	src/Game/MapObj/SandUpDownTriRock.cpp	False		unresolved
decomp/src/Game/MapObj/Sandstorm.cpp	src/Game/MapObj/Sandstorm.cpp	False		unresolved
decomp/src/Game/MapObj/ScrewSwitch.cpp	src/Game/MapObj/ScrewSwitch.cpp	False		unresolved
decomp/src/Game/MapObj/ScrewSwitchReverse.cpp	src/Game/MapObj/ScrewSwitchReverse.cpp	False		unresolved
decomp/src/Game/MapObj/SeaBottomTriplePropeller.cpp	src/Game/MapObj/SeaBottomTriplePropeller.cpp	False		unresolved
decomp/src/Game/MapObj/SeesawMoveNut.cpp	src/Game/MapObj/SeesawMoveNut.cpp	False		unresolved
decomp/src/Game/MapObj/Shellfish.cpp	src/Game/MapObj/Shellfish.cpp	False		unresolved
decomp/src/Game/MapObj/ShootingStar.cpp	src/Game/MapObj/ShootingStar.cpp	False		unresolved
decomp/src/Game/MapObj/SideSpikeMoveStep.cpp	src/Game/MapObj/SideSpikeMoveStep.cpp	False		unresolved
decomp/src/Game/MapObj/SimpleBreakableObj.cpp	src/Game/MapObj/SimpleBreakableObj.cpp	False		unresolved
decomp/src/Game/MapObj/SimpleClipPartsObj.cpp	src/Game/MapObj/SimpleClipPartsObj.cpp	False		unresolved
decomp/src/Game/MapObj/SimpleFloaterObj.cpp	src/Game/MapObj/SimpleFloaterObj.cpp	False		unresolved
decomp/src/Game/MapObj/SimpleNormalMapObj.cpp	src/Game/MapObj/SimpleNormalMapObj.cpp	False		unresolved
decomp/src/Game/MapObj/SimpleTimerObj.cpp	src/Game/MapObj/SimpleTimerObj.cpp	False		unresolved
decomp/src/Game/MapObj/SmallStone.cpp	src/Game/MapObj/SmallStone.cpp	False		unresolved
decomp/src/Game/MapObj/SnowCapsulePlanet.cpp	src/Game/MapObj/SnowCapsulePlanet.cpp	False		unresolved
decomp/src/Game/MapObj/SnowFloor.cpp	src/Game/MapObj/SnowFloor.cpp	False		unresolved
decomp/src/Game/MapObj/SnowFloorTile.cpp	src/Game/MapObj/SnowFloorTile.cpp	False		unresolved
decomp/src/Game/MapObj/SnowMan.cpp	src/Game/MapObj/SnowMan.cpp	False		unresolved
decomp/src/Game/MapObj/SnowplowSwitch.cpp	src/Game/MapObj/SnowplowSwitch.cpp	False		unresolved
decomp/src/Game/MapObj/SoundEmitter.cpp	src/Game/MapObj/SoundEmitter.cpp	False		unresolved
decomp/src/Game/MapObj/SpaceMine.cpp	src/Game/MapObj/SpaceMine.cpp	False		unresolved
decomp/src/Game/MapObj/SpaceShipStep.cpp	src/Game/MapObj/SpaceShipStep.cpp	False		unresolved
decomp/src/Game/MapObj/SpiderCoin.cpp	src/Game/MapObj/SpiderCoin.cpp	False		unresolved
decomp/src/Game/MapObj/SpiderMapBlock.cpp	src/Game/MapObj/SpiderMapBlock.cpp	False		unresolved
decomp/src/Game/MapObj/SpiderThread.cpp	src/Game/MapObj/SpiderThread.cpp	False		unresolved
decomp/src/Game/MapObj/SpiderThreadHangInfo.cpp	src/Game/MapObj/SpiderThreadHangInfo.cpp	False		unresolved
decomp/src/Game/MapObj/SpiderThreadMainPoint.cpp	src/Game/MapObj/SpiderThreadMainPoint.cpp	False		unresolved
decomp/src/Game/MapObj/SpiderThreadPart.cpp	src/Game/MapObj/SpiderThreadPart.cpp	False		unresolved
decomp/src/Game/MapObj/SpiderThreadPoint.cpp	src/Game/MapObj/SpiderThreadPoint.cpp	False		unresolved
decomp/src/Game/MapObj/SpiderThreadRadialLine.cpp	src/Game/MapObj/SpiderThreadRadialLine.cpp	False		unresolved
decomp/src/Game/MapObj/SpiderThreadWindCtrl.cpp	src/Game/MapObj/SpiderThreadWindCtrl.cpp	False		unresolved
decomp/src/Game/MapObj/SpinDriver.cpp	src/Game/MapObj/SpinDriver.cpp	False		unresolved
decomp/src/Game/MapObj/SpinDriverCamera.cpp	src/Game/MapObj/SpinDriverCamera.cpp	False		unresolved
decomp/src/Game/MapObj/SpinDriverOperateRing.cpp	src/Game/MapObj/SpinDriverOperateRing.cpp	False		unresolved
decomp/src/Game/MapObj/SpinDriverPathDrawer.cpp	src/Game/MapObj/SpinDriverPathDrawer.cpp	False		unresolved
decomp/src/Game/MapObj/SpinDriverShootPath.cpp	src/Game/MapObj/SpinDriverShootPath.cpp	False		unresolved
decomp/src/Game/MapObj/SpinLeverSwitch.cpp	src/Game/MapObj/SpinLeverSwitch.cpp	False		unresolved
decomp/src/Game/MapObj/SpinningBox.cpp	src/Game/MapObj/SpinningBox.cpp	False		unresolved
decomp/src/Game/MapObj/SpringJetWater.cpp	src/Game/MapObj/SpringJetWater.cpp	False		unresolved
decomp/src/Game/MapObj/SpringWaterFloaterSpot.cpp	src/Game/MapObj/SpringWaterFloaterSpot.cpp	False		unresolved
decomp/src/Game/MapObj/StarPieceFollowGroup.cpp	src/Game/MapObj/StarPieceFollowGroup.cpp	False		unresolved
decomp/src/Game/MapObj/StarPieceMother.cpp	src/Game/MapObj/StarPieceMother.cpp	False		unresolved
decomp/src/Game/MapObj/StarPieceSpot.cpp	src/Game/MapObj/StarPieceSpot.cpp	False		unresolved
decomp/src/Game/MapObj/SubmarineSteam.cpp	src/Game/MapObj/SubmarineSteam.cpp	False		unresolved
decomp/src/Game/MapObj/SubmarineVolcanoBigColumn.cpp	src/Game/MapObj/SubmarineVolcanoBigColumn.cpp	False		unresolved
decomp/src/Game/MapObj/SuperSpinDriver.cpp	src/Game/MapObj/SuperSpinDriver.cpp	False		unresolved
decomp/src/Game/MapObj/SurprisedGalaxy.cpp	src/Game/MapObj/SurprisedGalaxy.cpp	False		unresolved
decomp/src/Game/MapObj/SwingLight.cpp	src/Game/MapObj/SwingLight.cpp	False		unresolved
decomp/src/Game/MapObj/Swinger.cpp	src/Game/MapObj/Swinger.cpp	False		unresolved
decomp/src/Game/MapObj/SwitchBox.cpp	src/Game/MapObj/SwitchBox.cpp	False		unresolved
decomp/src/Game/MapObj/TimeAppearObj.cpp	src/Game/MapObj/TimeAppearObj.cpp	False		unresolved
decomp/src/Game/MapObj/TimerMoveWall.cpp	src/Game/MapObj/TimerMoveWall.cpp	False		unresolved
decomp/src/Game/MapObj/TrampleStar.cpp	src/Game/MapObj/TrampleStar.cpp	False		unresolved
decomp/src/Game/MapObj/TransparentWall.cpp	src/Game/MapObj/TransparentWall.cpp	False		unresolved
decomp/src/Game/MapObj/TreasureBoxCracked.cpp	src/Game/MapObj/TreasureBoxCracked.cpp	False		unresolved
decomp/src/Game/MapObj/TreasureSpot.cpp	src/Game/MapObj/TreasureSpot.cpp	False		unresolved
decomp/src/Game/MapObj/Tsukidashikun.cpp	src/Game/MapObj/Tsukidashikun.cpp	False		unresolved
decomp/src/Game/MapObj/TypicalDoor.cpp	src/Game/MapObj/TypicalDoor.cpp	False		unresolved
decomp/src/Game/MapObj/UFOBase.cpp	src/Game/MapObj/UFOBase.cpp	False		unresolved
decomp/src/Game/MapObj/UFOKinoko.cpp	src/Game/MapObj/UFOKinoko.cpp	False		unresolved
decomp/src/Game/MapObj/ValveSwitch.cpp	src/Game/MapObj/ValveSwitch.cpp	False		unresolved
decomp/src/Game/MapObj/WatchTowerRotateStep.cpp	src/Game/MapObj/WatchTowerRotateStep.cpp	False		unresolved
decomp/src/Game/MapObj/WaterLeakPipe.cpp	src/Game/MapObj/WaterLeakPipe.cpp	False		unresolved
decomp/src/Game/MapObj/WaterPressure.cpp	src/Game/MapObj/WaterPressure.cpp	False		unresolved
decomp/src/Game/MapObj/WaterPressureBullet.cpp	src/Game/MapObj/WaterPressureBullet.cpp	False		unresolved
decomp/src/Game/MapObj/WaterPressureBulletHolder.cpp	src/Game/MapObj/WaterPressureBulletHolder.cpp	False		unresolved
decomp/src/Game/MapObj/WaterfallCaveCover.cpp	src/Game/MapObj/WaterfallCaveCover.cpp	False		unresolved
decomp/src/Game/MapObj/WaveFloatingForce.cpp	src/Game/MapObj/WaveFloatingForce.cpp	False		unresolved
decomp/src/Game/MapObj/WhirlPool.cpp	src/Game/MapObj/WhirlPool.cpp	False		unresolved
decomp/src/Game/MapObj/WoodBox.cpp	src/Game/MapObj/WoodBox.cpp	False		unresolved
decomp/src/Game/MapObj/WormEatenPlanet.cpp	src/Game/MapObj/WormEatenPlanet.cpp	False		unresolved
decomp/src/Game/MapObj/YellowChip.cpp	src/Game/MapObj/YellowChip.cpp	False		unresolved
decomp/src/Game/NPC/Butler.cpp	src/Game/NPC/Butler.cpp	False		unresolved
decomp/src/Game/NPC/ButlerExplain.cpp	src/Game/NPC/ButlerExplain.cpp	False		unresolved
decomp/src/Game/NPC/ButlerMap.cpp	src/Game/NPC/ButlerMap.cpp	False		unresolved
decomp/src/Game/NPC/ButlerStateStarPieceReaction.cpp	src/Game/NPC/ButlerStateStarPieceReaction.cpp	False		unresolved
decomp/src/Game/NPC/CareTaker.cpp	src/Game/NPC/CareTaker.cpp	False		unresolved
decomp/src/Game/NPC/CollectTico.cpp	src/Game/NPC/CollectTico.cpp	False		unresolved
decomp/src/Game/NPC/HoneyBee.cpp	src/Game/NPC/HoneyBee.cpp	False		unresolved
decomp/src/Game/NPC/HoneyQueen.cpp	src/Game/NPC/HoneyQueen.cpp	False		unresolved
decomp/src/Game/NPC/Kinopio.cpp	src/Game/NPC/Kinopio.cpp	False		unresolved
decomp/src/Game/NPC/KinopioAstro.cpp	src/Game/NPC/KinopioAstro.cpp	False		unresolved
decomp/src/Game/NPC/KoopaJr.cpp	src/Game/NPC/KoopaJr.cpp	False		unresolved
decomp/src/Game/NPC/LuigiNPC.cpp	src/Game/NPC/LuigiNPC.cpp	False		unresolved
decomp/src/Game/NPC/MiiDatabase.cpp	src/Game/NPC/MiiDatabase.cpp	False		unresolved
decomp/src/Game/NPC/MiiFaceIcon.cpp	src/Game/NPC/MiiFaceIcon.cpp	False		unresolved
decomp/src/Game/NPC/MiiFaceIconHolder.cpp	src/Game/NPC/MiiFaceIconHolder.cpp	False		unresolved
decomp/src/Game/NPC/MiiFaceParts.cpp	src/Game/NPC/MiiFaceParts.cpp	True		unresolved
decomp/src/Game/NPC/MiiFacePartsHolder.cpp	src/Game/NPC/MiiFacePartsHolder.cpp	True		unresolved
decomp/src/Game/NPC/MiiFaceRecipe.cpp	src/Game/NPC/MiiFaceRecipe.cpp	True		unresolved
decomp/src/Game/NPC/NPCSupportRail.cpp	src/Game/NPC/NPCSupportRail.cpp	False		unresolved
decomp/src/Game/NPC/Peach.cpp	src/Game/NPC/Peach.cpp	False		unresolved
decomp/src/Game/NPC/Penguin.cpp	src/Game/NPC/Penguin.cpp	False		unresolved
decomp/src/Game/NPC/PenguinCoach.cpp	src/Game/NPC/PenguinCoach.cpp	False		unresolved
decomp/src/Game/NPC/PenguinMaster.cpp	src/Game/NPC/PenguinMaster.cpp	False		unresolved
decomp/src/Game/NPC/PenguinRacer.cpp	src/Game/NPC/PenguinRacer.cpp	False		unresolved
decomp/src/Game/NPC/PenguinRacerLeader.cpp	src/Game/NPC/PenguinRacerLeader.cpp	False		unresolved
decomp/src/Game/NPC/PenguinSkater.cpp	src/Game/NPC/PenguinSkater.cpp	False		unresolved
decomp/src/Game/NPC/PenguinStudent.cpp	src/Game/NPC/PenguinStudent.cpp	False		unresolved
decomp/src/Game/NPC/Rabbit.cpp	src/Game/NPC/Rabbit.cpp	False		unresolved
decomp/src/Game/NPC/RabbitStateCaught.cpp	src/Game/NPC/RabbitStateCaught.cpp	False		unresolved
decomp/src/Game/NPC/RabbitStateWaitStart.cpp	src/Game/NPC/RabbitStateWaitStart.cpp	False		unresolved
decomp/src/Game/NPC/RosettaReading.cpp	src/Game/NPC/RosettaReading.cpp	False		unresolved
decomp/src/Game/NPC/SignBoard.cpp	src/Game/NPC/SignBoard.cpp	False		unresolved
decomp/src/Game/NPC/StrayTico.cpp	src/Game/NPC/StrayTico.cpp	False		unresolved
decomp/src/Game/NPC/Syati.cpp	src/Game/NPC/Syati.cpp	False		unresolved
decomp/src/Game/NPC/TeresaRacer.cpp	src/Game/NPC/TeresaRacer.cpp	False		unresolved
decomp/src/Game/NPC/TicoAstro.cpp	src/Game/NPC/TicoAstro.cpp	False		unresolved
decomp/src/Game/NPC/TicoComet.cpp	src/Game/NPC/TicoComet.cpp	False		unresolved
decomp/src/Game/NPC/TicoDomeLecture.cpp	src/Game/NPC/TicoDomeLecture.cpp	False		unresolved
decomp/src/Game/NPC/TicoFat.cpp	src/Game/NPC/TicoFat.cpp	False		unresolved
decomp/src/Game/NPC/TicoGalaxy.cpp	src/Game/NPC/TicoGalaxy.cpp	False		unresolved
decomp/src/Game/NPC/TicoRail.cpp	src/Game/NPC/TicoRail.cpp	False		unresolved
decomp/src/Game/NPC/TicoReading.cpp	src/Game/NPC/TicoReading.cpp	False		unresolved
decomp/src/Game/NPC/TicoShop.cpp	src/Game/NPC/TicoShop.cpp	False		unresolved
decomp/src/Game/NPC/TicoStarRing.cpp	src/Game/NPC/TicoStarRing.cpp	False		unresolved
decomp/src/Game/NPC/TrickRabbit.cpp	src/Game/NPC/TrickRabbit.cpp	False		unresolved
decomp/src/Game/NPC/TrickRabbitFreeRun.cpp	src/Game/NPC/TrickRabbitFreeRun.cpp	False		unresolved
decomp/src/Game/NPC/TrickRabbitSnow.cpp	src/Game/NPC/TrickRabbitSnow.cpp	False		unresolved
decomp/src/Game/NPC/TrickRabbitSnowCollect.cpp	src/Game/NPC/TrickRabbitSnowCollect.cpp	False		unresolved
decomp/src/Game/NWC24/NWC24SendThread.cpp	src/Game/NWC24/NWC24SendThread.cpp	True		unresolved
decomp/src/Game/NWC24/ReceiverTagMail.cpp	src/Game/NWC24/ReceiverTagMail.cpp	False		unresolved
decomp/src/Game/NameObj/ModelChangableObjFactory.cpp	src/Game/NameObj/ModelChangableObjFactory.cpp	False		unresolved
decomp/src/Game/NameObj/NameObj.cpp	src/Game/NameObj/NameObj.cpp	True		unresolved
decomp/src/Game/NameObj/NameObjExecuteHolder.cpp	src/Game/NameObj/NameObjExecuteHolder.cpp	False		unresolved
decomp/src/Game/NameObj/NameObjFactory.cpp	src/Game/NameObj/NameObjFactory.cpp	True		unresolved
decomp/src/Game/NameObj/NameObjFinder.cpp	src/Game/NameObj/NameObjFinder.cpp	False		unresolved
decomp/src/Game/Player/GhostPacket.cpp	src/Game/Player/GhostPacket.cpp	False		unresolved
decomp/src/Game/Player/GhostPlayer.cpp	src/Game/Player/GhostPlayer.cpp	False		unresolved
decomp/src/Game/Player/GroupChecker.cpp	src/Game/Player/GroupChecker.cpp	False		unresolved
decomp/src/Game/RhythmLib/AudBgmTempoAdjuster.cpp	src/Game/RhythmLib/AudBgmTempoAdjuster.cpp	False		unresolved
decomp/src/Game/RhythmLib/AudChordInfo.cpp	src/Game/RhythmLib/AudChordInfo.cpp	False		unresolved
decomp/src/Game/RhythmLib/AudMeChannelMgr.cpp	src/Game/RhythmLib/AudMeChannelMgr.cpp	False		unresolved
decomp/src/Game/RhythmLib/AudMeHandles.cpp	src/Game/RhythmLib/AudMeHandles.cpp	False		unresolved
decomp/src/Game/RhythmLib/AudMeObject.cpp	src/Game/RhythmLib/AudMeObject.cpp	False		unresolved
decomp/src/Game/RhythmLib/AudMePlayer.cpp	src/Game/RhythmLib/AudMePlayer.cpp	False		unresolved
decomp/src/Game/RhythmLib/AudMeSeqCtrl.cpp	src/Game/RhythmLib/AudMeSeqCtrl.cpp	False		unresolved
decomp/src/Game/RhythmLib/AudMeSeqParser.cpp	src/Game/RhythmLib/AudMeSeqParser.cpp	False		unresolved
decomp/src/Game/RhythmLib/AudMeSeqReader.cpp	src/Game/RhythmLib/AudMeSeqReader.cpp	False		unresolved
decomp/src/Game/RhythmLib/AudMeTrack.cpp	src/Game/RhythmLib/AudMeTrack.cpp	False		unresolved
decomp/src/Game/RhythmLib/AudMeTrackCallback.cpp	src/Game/RhythmLib/AudMeTrackCallback.cpp	False		unresolved
decomp/src/Game/RhythmLib/AudRhythmHolder.cpp	src/Game/RhythmLib/AudRhythmHolder.cpp	False		unresolved
decomp/src/Game/RhythmLib/AudRhythmMeSystem.cpp	src/Game/RhythmLib/AudRhythmMeSystem.cpp	False		unresolved
decomp/src/Game/RhythmLib/AudRhythmWrap.cpp	src/Game/RhythmLib/AudRhythmWrap.cpp	False		unresolved
decomp/src/Game/Ride/BigBubble.cpp	src/Game/Ride/BigBubble.cpp	False		unresolved
decomp/src/Game/Ride/Creeper.cpp	src/Game/Ride/Creeper.cpp	False		unresolved
decomp/src/Game/Ride/Fluff.cpp	src/Game/Ride/Fluff.cpp	False		unresolved
decomp/src/Game/Ride/FluffWind.cpp	src/Game/Ride/FluffWind.cpp	False		unresolved
decomp/src/Game/Ride/JumpBranch.cpp	src/Game/Ride/JumpBranch.cpp	False		unresolved
decomp/src/Game/Ride/Plant.cpp	src/Game/Ride/Plant.cpp	False		unresolved
decomp/src/Game/Ride/PlantLeaf.cpp	src/Game/Ride/PlantLeaf.cpp	False		unresolved
decomp/src/Game/Ride/PlantStalk.cpp	src/Game/Ride/PlantStalk.cpp	False		unresolved
decomp/src/Game/Ride/Pole.cpp	src/Game/Ride/Pole.cpp	False		unresolved
decomp/src/Game/Ride/SledRopePoint.cpp	src/Game/Ride/SledRopePoint.cpp	False		unresolved
decomp/src/Game/Ride/SlingShooter.cpp	src/Game/Ride/SlingShooter.cpp	False		unresolved
decomp/src/Game/Ride/SpaceCocoon.cpp	src/Game/Ride/SpaceCocoon.cpp	False		unresolved
decomp/src/Game/Ride/SphereAccelSensorController.cpp	src/Game/Ride/SphereAccelSensorController.cpp	False		unresolved
decomp/src/Game/Ride/SphereController.cpp	src/Game/Ride/SphereController.cpp	False		unresolved
decomp/src/Game/Ride/SpherePadController.cpp	src/Game/Ride/SpherePadController.cpp	False		unresolved
decomp/src/Game/Ride/SurfRay.cpp	src/Game/Ride/SurfRay.cpp	False		unresolved
decomp/src/Game/Ride/SurfRayTutorial.cpp	src/Game/Ride/SurfRayTutorial.cpp	False		unresolved
decomp/src/Game/Ride/SwingRope.cpp	src/Game/Ride/SwingRope.cpp	False		unresolved
decomp/src/Game/Ride/SwingRopePoint.cpp	src/Game/Ride/SwingRopePoint.cpp	False		unresolved
decomp/src/Game/Ride/Tamakoro.cpp	src/Game/Ride/Tamakoro.cpp	False		unresolved
decomp/src/Game/Ride/TamakoroTutorial.cpp	src/Game/Ride/TamakoroTutorial.cpp	False		unresolved
decomp/src/Game/Ride/Trapeze.cpp	src/Game/Ride/Trapeze.cpp	False		unresolved
decomp/src/Game/Scene/Scene.cpp	src/Game/Scene/Scene.cpp	True		unresolved
decomp/src/Game/Scene/SceneFunction.cpp	src/Game/Scene/SceneFunction.cpp	True		unresolved
decomp/src/Game/Scene/SceneObjHolder.cpp	src/Game/Scene/SceneObjHolder.cpp	True		unresolved
decomp/src/Game/Screen/BombTimerLayout.cpp	src/Game/Screen/BombTimerLayout.cpp	False		unresolved
decomp/src/Game/Screen/CometRetryButton.cpp	src/Game/Screen/CometRetryButton.cpp	False		unresolved
decomp/src/Game/Screen/FileSelectInfo.cpp	src/Game/Screen/FileSelectInfo.cpp	True		unresolved
decomp/src/Game/Screen/FullScreenBlur.cpp	src/Game/Screen/FullScreenBlur.cpp	True		unresolved
decomp/src/Game/Screen/FullnessMeter.cpp	src/Game/Screen/FullnessMeter.cpp	False		unresolved
decomp/src/Game/Screen/GalaxyConfirmLayout.cpp	src/Game/Screen/GalaxyConfirmLayout.cpp	False		unresolved
decomp/src/Game/Screen/GalaxyInfoLayoutSetter.cpp	src/Game/Screen/GalaxyInfoLayoutSetter.cpp	False		unresolved
decomp/src/Game/Screen/GalaxyMap.cpp	src/Game/Screen/GalaxyMap.cpp	False		unresolved
decomp/src/Game/Screen/GalaxyMapBackground.cpp	src/Game/Screen/GalaxyMapBackground.cpp	False		unresolved
decomp/src/Game/Screen/GalaxyMapCometIcon.cpp	src/Game/Screen/GalaxyMapCometIcon.cpp	False		unresolved
decomp/src/Game/Screen/GalaxyMapController.cpp	src/Game/Screen/GalaxyMapController.cpp	False		unresolved
decomp/src/Game/Screen/GalaxyMapDomeIcon.cpp	src/Game/Screen/GalaxyMapDomeIcon.cpp	False		unresolved
decomp/src/Game/Screen/GalaxyMapGalaxyDetail.cpp	src/Game/Screen/GalaxyMapGalaxyDetail.cpp	False		unresolved
decomp/src/Game/Screen/GalaxyMapIcon.cpp	src/Game/Screen/GalaxyMapIcon.cpp	False		unresolved
decomp/src/Game/Screen/GalaxyMapMarioIcon.cpp	src/Game/Screen/GalaxyMapMarioIcon.cpp	False		unresolved
decomp/src/Game/Screen/GalaxyMapSelectButton.cpp	src/Game/Screen/GalaxyMapSelectButton.cpp	False		unresolved
decomp/src/Game/Screen/GalaxyMapTicoIcon.cpp	src/Game/Screen/GalaxyMapTicoIcon.cpp	False		unresolved
decomp/src/Game/Screen/GalaxyMapTitle.cpp	src/Game/Screen/GalaxyMapTitle.cpp	False		unresolved
decomp/src/Game/Screen/GalaxyNamePlate.cpp	src/Game/Screen/GalaxyNamePlate.cpp	False		unresolved
decomp/src/Game/Screen/GalaxySelectBackButton.cpp	src/Game/Screen/GalaxySelectBackButton.cpp	False		unresolved
decomp/src/Game/Screen/GalaxySelectInfo.cpp	src/Game/Screen/GalaxySelectInfo.cpp	False		unresolved
decomp/src/Game/Screen/HeatHazeEffect.cpp	src/Game/Screen/HeatHazeEffect.cpp	False		unresolved
decomp/src/Game/Screen/HomeButtonLayout.cpp	src/Game/Screen/HomeButtonLayout.cpp	False		unresolved
decomp/src/Game/Screen/IconComet.cpp	src/Game/Screen/IconComet.cpp	False		unresolved
decomp/src/Game/Screen/LayoutActor.cpp	src/Game/Screen/LayoutActor.cpp	True		unresolved
decomp/src/Game/Screen/LayoutActorFlag.cpp	src/Game/Screen/LayoutActorFlag.cpp	False		unresolved
decomp/src/Game/Screen/LayoutPaneCtrl.cpp	src/Game/Screen/LayoutPaneCtrl.cpp	True		unresolved
decomp/src/Game/Screen/MiiSelectIcon.cpp	src/Game/Screen/MiiSelectIcon.cpp	False		unresolved
decomp/src/Game/Screen/MovieStarter.cpp	src/Game/Screen/MovieStarter.cpp	False		unresolved
decomp/src/Game/Screen/OdhConverter.cpp	src/Game/Screen/OdhConverter.cpp	False		unresolved
decomp/src/Game/Screen/PeachLetter.cpp	src/Game/Screen/PeachLetter.cpp	False		unresolved
decomp/src/Game/Screen/PlayerActionGuidance.cpp	src/Game/Screen/PlayerActionGuidance.cpp	False		unresolved
decomp/src/Game/Screen/PowerStarList.cpp	src/Game/Screen/PowerStarList.cpp	False		unresolved
decomp/src/Game/Screen/SimpleLayout.cpp	src/Game/Screen/SimpleLayout.cpp	True		unresolved
decomp/src/Game/Screen/StaffRoll.cpp	src/Game/Screen/StaffRoll.cpp	False		unresolved
decomp/src/Game/Screen/StageResultInformer.cpp	src/Game/Screen/StageResultInformer.cpp	False		unresolved
decomp/src/Game/Screen/StarPointerDirector.cpp	src/Game/Screen/StarPointerDirector.cpp	False		unresolved
decomp/src/Game/Screen/SurfingGuidance.cpp	src/Game/Screen/SurfingGuidance.cpp	False		unresolved
decomp/src/Game/Screen/odh.cpp	src/Game/Screen/odh.cpp	False		unresolved
decomp/src/Game/Speaker/SpkData.cpp	src/Game/Speaker/SpkData.cpp	False		unresolved
decomp/src/Game/Speaker/SpkMixingBuffer.cpp	src/Game/Speaker/SpkMixingBuffer.cpp	False		unresolved
decomp/src/Game/Speaker/SpkSound.cpp	src/Game/Speaker/SpkSound.cpp	False		unresolved
decomp/src/Game/Speaker/SpkSpeakerCtrl.cpp	src/Game/Speaker/SpkSpeakerCtrl.cpp	False		unresolved
decomp/src/Game/Speaker/SpkSystem.cpp	src/Game/Speaker/SpkSystem.cpp	False		unresolved
decomp/src/Game/Speaker/SpkTable.cpp	src/Game/Speaker/SpkTable.cpp	False		unresolved
decomp/src/Game/Speaker/SpkWave.cpp	src/Game/Speaker/SpkWave.cpp	False		unresolved
decomp/src/Game/System/AudSystemWrapper.cpp	src/Game/System/AudSystemWrapper.cpp	False		unresolved
decomp/src/Game/System/BinaryDataChunkHolder.cpp	src/Game/System/BinaryDataChunkHolder.cpp	True		unresolved
decomp/src/Game/System/ConfigDataMisc.cpp	src/Game/System/ConfigDataMisc.cpp	True		unresolved
decomp/src/Game/System/GameDataFunction.cpp	src/Game/System/GameDataFunction.cpp	True		unresolved
decomp/src/Game/System/HomeButtonMenuWrapper.cpp	src/Game/System/HomeButtonMenuWrapper.cpp	False		unresolved
decomp/src/Game/System/Language.cpp	src/Game/System/Language.cpp	True		unresolved
decomp/src/Game/System/Overwrite.cpp	src/Game/System/Overwrite.cpp	False		unresolved
decomp/src/Game/System/ResourceHolderManager.cpp	src/Game/System/ResourceHolderManager.cpp	False		unresolved
decomp/src/Game/System/SysConfigFile.cpp	src/Game/System/SysConfigFile.cpp	True		unresolved
decomp/src/Game/System/WPadHolder.cpp	src/Game/System/WPadHolder.cpp	False		unresolved
decomp/src/Game/Util/ActorSensorUtil.cpp	src/Game/Util/ActorSensorUtil.cpp	True		unresolved
decomp/src/Game/Util/ActorShadowLocalUtil.cpp	src/Game/Util/ActorShadowLocalUtil.cpp	False		unresolved
decomp/src/Game/Util/ActorShadowUtil.cpp	src/Game/Util/ActorShadowUtil.cpp	True		unresolved
decomp/src/Game/Util/BezierSurface.cpp	src/Game/Util/BezierSurface.cpp	False		unresolved
decomp/src/Game/Util/FileUtil.cpp	src/Game/Util/FileUtil.cpp	True		unresolved
decomp/src/Game/Util/GeometryBindUtil.cpp	src/Game/Util/GeometryBindUtil.cpp	False		unresolved
decomp/src/Game/Util/GravityUtil.cpp	src/Game/Util/GravityUtil.cpp	True		unresolved
decomp/src/Game/Util/HashUtil.cpp	src/Game/Util/HashUtil.cpp	False		unresolved
decomp/src/Game/Util/IKJoint.cpp	src/Game/Util/IKJoint.cpp	False		unresolved
decomp/src/Game/Util/JointUtil.cpp	src/Game/Util/JointUtil.cpp	False		unresolved
decomp/src/Game/Util/LightUtil.cpp	src/Game/Util/LightUtil.cpp	True		unresolved
decomp/src/Game/Util/LiveActorUtil.cpp	src/Game/Util/LiveActorUtil.cpp	True	src/compat/GameActorPhysicsCompat.cpp|src/compat/LiveActorUtilCompat.cpp	partial-explicit-imports
decomp/src/Game/Util/MapUtil.cpp	src/Game/Util/MapUtil.cpp	True	src/compat/OriginalMapQueries.cpp	partial-explicit-imports
decomp/src/Game/Util/MathUtil.cpp	src/Game/Util/MathUtil.cpp	True		unresolved
decomp/src/Game/Util/MemoryUtil.cpp	src/Game/Util/MemoryUtil.cpp	False		unresolved
decomp/src/Game/Util/ModelUtil.cpp	src/Game/Util/ModelUtil.cpp	False		unresolved
decomp/src/Game/Util/MtxUtil.cpp	src/Game/Util/MtxUtil.cpp	False		unresolved
decomp/src/Game/Util/MultiEventCamera.cpp	src/Game/Util/MultiEventCamera.cpp	False		unresolved
decomp/src/Game/Util/OctahedronBezierSurface.cpp	src/Game/Util/OctahedronBezierSurface.cpp	False		unresolved
decomp/src/Game/Util/ParabolicPath.cpp	src/Game/Util/ParabolicPath.cpp	False		unresolved
decomp/src/Game/Util/PostureHolder.cpp	src/Game/Util/PostureHolder.cpp	False		unresolved
decomp/src/Game/Util/RailGraphUtil.cpp	src/Game/Util/RailGraphUtil.cpp	False		unresolved
decomp/src/Game/Util/SoundUtil.cpp	src/Game/Util/SoundUtil.cpp	True		unresolved
decomp/src/Game/Util/SpringValue.cpp	src/Game/Util/SpringValue.cpp	False		unresolved
decomp/src/Game/Util/StarPointerUtil.cpp	src/Game/Util/StarPointerUtil.cpp	True		unresolved
decomp/src/Game/Util/SystemUtil.cpp	src/Game/Util/SystemUtil.cpp	True		unresolved
