rel_path	pc_path	source_path	classification	target_surface	pc_sha256	source_sha256	debug_guard_count	unguarded_smgpc_count	unguarded_observer_api_count	note
AreaObj/MercatorTransformCube.hpp	pc-port/src/Game/AreaObj/MercatorTransformCube.hpp	include/Game/AreaObj/MercatorTransformCube.hpp	compat-temporary	no	d4f7e315cf5247e0ba675d6e886506d457d3db82d8b3155e1e10d011ca75571b	ffcc4f890c09765aed853d41f91d4c4ae2cf6b9a3c646a27fd446f24b5e42ee0	0	0	0	source exists but pc-port behavior/shape differs
Camera/CameraTargetArg.cpp	pc-port/src/Game/Camera/CameraTargetArg.cpp	src/Game/Camera/CameraTargetArg.cpp	compat-temporary	yes	c92a0b42297536e146ecc19ea28f9ecb92f0bfd9004d3c4469429380d9e7ab93	329e0b1b7dea41ff45a5c404253d14efe9067c791cb8f9e1c36188a4f4f7d368	0	0	0	source exists but pc-port behavior/shape differs
Camera/CameraTargetArg.hpp	pc-port/src/Game/Camera/CameraTargetArg.hpp	include/Game/Camera/CameraTargetArg.hpp	compat-temporary	yes	1c97623eb22e65c31690993fb6fb28fa5e51f8b00faa37755c9ce58e473aedef	70a0f8babe510661d059d8a9758a905749f2c8d1d3056fde9a67d53cef3b8511	0	0	0	source exists but pc-port behavior/shape differs
Camera/CameraTargetMtx.cpp	pc-port/src/Game/Camera/CameraTargetMtx.cpp	src/Game/Camera/CameraTargetMtx.cpp	compat-temporary	yes	8b604ec44c16b6e479e01fe14cb14721f643d2a3110735ef6a754df79683746a	08d58aaae22394550a724b93affe042dcbba7266bc41ce1c4f98bf3f5793ffa1	0	0	0	source exists but pc-port behavior/shape differs
Camera/CameraTargetMtx.hpp	pc-port/src/Game/Camera/CameraTargetMtx.hpp	include/Game/Camera/CameraTargetMtx.hpp	compat-temporary	yes	98c600114e61aca8d7a2999fb4c93d2a2f39757b161de6b609631bb04f83a61a	b4fa8d709b7a0687fba5cb8e844a1e97ba29da71ec8b2cf24037903ced5f5a1e	0	0	0	source exists but pc-port behavior/shape differs
Demo/PrologueDirector.cpp	pc-port/src/Game/Demo/PrologueDirector.cpp	src/Game/Demo/PrologueDirector.cpp	compat-temporary	yes	00331fdbd45430f67417f01d6f0b4553c03ede2387ad21c3000a3c49bd120159	12c049b3f73336f7eab8ef9a6f1c2c2c51333e8f0b8b1f1b31357e5d538f0da8	1	0	0	source exists but pc-port behavior/shape differs
Demo/PrologueDirector.hpp	pc-port/src/Game/Demo/PrologueDirector.hpp	include/Game/Demo/PrologueDirector.hpp	compat-temporary	yes	1d29eba0c346833846c1d24d9a788d4d72534d5c3e32aac67d84c24eb0f93485	6cb043e46e441f66a6efdb6e81ba918ba20e86445b71fc527daf9dcf875c4c6c	0	0	0	source exists but pc-port behavior/shape differs
Effect/SimpleEffectObj.cpp	pc-port/src/Game/Effect/SimpleEffectObj.cpp	src/Game/Effect/SimpleEffectObj.cpp	exact-source	no	59924dfafdab0cbe7682a6c9e555e352e8933088b977827089a6e8b922987ecd	59924dfafdab0cbe7682a6c9e555e352e8933088b977827089a6e8b922987ecd	0	0	0	byte-for-byte match
Effect/SimpleEffectObj.hpp	pc-port/src/Game/Effect/SimpleEffectObj.hpp	include/Game/Effect/SimpleEffectObj.hpp	compat-temporary	no	1c7f7d348d51b0bbe12595b867154c1897be5f3031d9da4ca7120c6e8b1b9204	76443f2370c8bfab4770b3d25cfd2c7be242d226a6169a93b3a686cd0e6fd8ff	0	0	0	source exists but pc-port behavior/shape differs
LiveActor/ActorCameraInfo.cpp	pc-port/src/Game/LiveActor/ActorCameraInfo.cpp	src/Game/LiveActor/ActorCameraInfo.cpp	compat-temporary	yes	c7975d3ecf27642a0720f11cad39086f0fd14526bd89d3f1df2d6e05574f001d	42af48b4ca8c247f83535a7145d5c1081d9de98d8d2294136eb6dd17255fee3b	0	0	0	source exists but pc-port behavior/shape differs
LiveActor/ActorCameraInfo.hpp	pc-port/src/Game/LiveActor/ActorCameraInfo.hpp	include/Game/LiveActor/ActorCameraInfo.hpp	compat-temporary	yes	4aa497d3fed8a303a015725c94d3d8ea405c9ab9e2552352a942ca6c46c3adc1	b584856af03dda3a4bc3e59f80d051fa72e172452ff3e50425867befae5e0920	0	0	0	source exists but pc-port behavior/shape differs
LiveActor/ActorLightCtrl.cpp	pc-port/src/Game/LiveActor/ActorLightCtrl.cpp	src/Game/LiveActor/ActorLightCtrl.cpp	compat-temporary	yes	322292f0b040671df9c5a2fdb90e9ecfa9b0213a136f3400795f10accf6f1b7e	9edfb5024940709135ea789c92d9bdbd73c643a7dfecd1496928aac15b069604	0	0	0	source exists but pc-port behavior/shape differs
LiveActor/ActorLightCtrl.hpp	pc-port/src/Game/LiveActor/ActorLightCtrl.hpp	include/Game/LiveActor/ActorLightCtrl.hpp	compat-temporary	yes	b443b942bbf5dc1fd3042cfbf9016be962c6768568e3354f6ca81719c0560e57	1fe18b2e5e99640c88c60c152176a21015a8bf2c2f4da84c19cb1139d6cda866	0	0	0	source exists but pc-port behavior/shape differs
LiveActor/ActorStateKeeper.hpp	pc-port/src/Game/LiveActor/ActorStateKeeper.hpp	include/Game/LiveActor/ActorStateKeeper.hpp	compat-temporary	yes	8c3af269e3f4955a23ee18ba976401df32a128d45a139bd67a555d6c88b14f3a	e2e1ba7e169e5c84b40568ed7e0c8dd7710278b059c76387d70d0d244f150cf8	0	0	0	source exists but pc-port behavior/shape differs
LiveActor/FlashingCtrl.cpp	pc-port/src/Game/LiveActor/FlashingCtrl.cpp	src/Game/LiveActor/FlashingCtrl.cpp	exact-source	yes	9de020d35926dd71437460d65470a7c2969d391b01ac5c96758ab3541a25c45f	9de020d35926dd71437460d65470a7c2969d391b01ac5c96758ab3541a25c45f	0	0	0	byte-for-byte match
LiveActor/FlashingCtrl.hpp	pc-port/src/Game/LiveActor/FlashingCtrl.hpp	include/Game/LiveActor/FlashingCtrl.hpp	exact-source	yes	f8d6917c49b60072af8de00f84f9b9b2aba5c79e55b56187e83d9f32dda76706	f8d6917c49b60072af8de00f84f9b9b2aba5c79e55b56187e83d9f32dda76706	0	0	0	byte-for-byte match
LiveActor/HitSensor.cpp	pc-port/src/Game/LiveActor/HitSensor.cpp	src/Game/LiveActor/HitSensor.cpp	compat-temporary	yes	aeef3357a29d05a6ed022616cef8025d3d54e741bdea473d28f391ddf9de016c	4594101cfe35cbd4e2e2d382e8ed63d247578082b9bf53463b3bef6856288d3d	0	0	0	source exists but pc-port behavior/shape differs
LiveActor/HitSensor.hpp	pc-port/src/Game/LiveActor/HitSensor.hpp	include/Game/LiveActor/HitSensor.hpp	compat-temporary	yes	ca263efcceea7e5b37d0084663c4b832b732b646168a4a0b997e4ac3fa826d34	c434e46ed3ecb820ad5b88deda16d6904e1cdd38d02e117dd08d649b8a9abf9f	0	0	0	source exists but pc-port behavior/shape differs
LiveActor/LiveActor.cpp	pc-port/src/Game/LiveActor/LiveActor.cpp	src/Game/LiveActor/LiveActor.cpp	compat-temporary	yes	97150de5901585a75b841f1f9c816a646c78bb410411c3429a7bda9961e067c9	d0bc003a51a3b597eaeb84cb6ae81450e55da94bd6c231d7d4ec2e5b012d7bc2	0	0	0	source exists but pc-port behavior/shape differs
LiveActor/LiveActor.hpp	pc-port/src/Game/LiveActor/LiveActor.hpp	include/Game/LiveActor/LiveActor.hpp	compat-temporary	yes	cd45ae6b007b9763cb381feb9422465422fa551f3fd876a9c156c5ec40bb37a2	b0fd6d4ed6c5a4a1e95083d8d80733d405ec361eff0c9235ab64c289eda4e680	0	0	0	source exists but pc-port behavior/shape differs
LiveActor/LiveActorFlag.cpp	pc-port/src/Game/LiveActor/LiveActorFlag.cpp	src/Game/LiveActor/LiveActorFlag.cpp	compile-only	yes	7acabd00c562a6829f03792e61959b887e13846241edadde428a333d33c3adc8	3c4a9f3c195c807602a01fd64988d1e24bdae69083a0ac53a8db95f9c20d9278	0	0	0	line ending or trailing whitespace only
LiveActor/LiveActorFlag.hpp	pc-port/src/Game/LiveActor/LiveActorFlag.hpp	include/Game/LiveActor/LiveActorFlag.hpp	exact-source	yes	dc1ce9dfdcc5af8c56f7e6afa44f1b38106608153632e61711f2f80f658a3acd	dc1ce9dfdcc5af8c56f7e6afa44f1b38106608153632e61711f2f80f658a3acd	0	0	0	byte-for-byte match
LiveActor/LiveActorGroup.cpp	pc-port/src/Game/LiveActor/LiveActorGroup.cpp	src/Game/LiveActor/LiveActorGroup.cpp	exact-source	yes	fbdc9addf382994893629a1e6b1034cbe3ce73edc049834510b924c698634580	fbdc9addf382994893629a1e6b1034cbe3ce73edc049834510b924c698634580	0	0	0	byte-for-byte match
LiveActor/LiveActorGroup.hpp	pc-port/src/Game/LiveActor/LiveActorGroup.hpp	include/Game/LiveActor/LiveActorGroup.hpp	exact-source	yes	7c081cda84a09873071f18b370fe167ff63a22ae6ba736f8707d629a802c831d	7c081cda84a09873071f18b370fe167ff63a22ae6ba736f8707d629a802c831d	0	0	0	byte-for-byte match
LiveActor/ModelObj.cpp	pc-port/src/Game/LiveActor/ModelObj.cpp	src/Game/LiveActor/ModelObj.cpp	compat-temporary	yes	bc36139bd845e284b2a7e3bd7d4b1ab1ed8cbfbd1f49adcee9c3e97fe9fc75d5	300afefd0ca295f8ad3e472f1420c386fae79bfa08ca5cd1bcf01b70ae1826ca	0	0	0	source exists but pc-port behavior/shape differs
LiveActor/ModelObj.hpp	pc-port/src/Game/LiveActor/ModelObj.hpp	include/Game/LiveActor/ModelObj.hpp	compat-temporary	yes	2ec30f36938c5faea7670a0282ae79d7624b3a9e67bfc32e92901dd229a71c77	e9955306a0d6e973cffb6ab5995aa7be19a2e30934c9b31766744e042b653339	0	0	0	source exists but pc-port behavior/shape differs
LiveActor/Nerve.cpp	pc-port/src/Game/LiveActor/Nerve.cpp	src/Game/LiveActor/Nerve.cpp	compat-temporary	yes	a62c0ecbb0381a8d548c151374869e56eb04664e5ae44c2a723e0821a14a9072	da2da1c7e9f4d62527133f0968e28032493f0b5ec2787554668fa2250ffdb2a8	0	0	0	source exists but pc-port behavior/shape differs
LiveActor/Nerve.hpp	pc-port/src/Game/LiveActor/Nerve.hpp	include/Game/LiveActor/Nerve.hpp	compat-temporary	yes	c1aa87da1c1846db66fa20948043de1e3e55ee54b6a81936e63f22efba6e6590	10baf99138b8e88238f704447c4fd3a189b7199087e125247648db4f96856a59	0	0	0	source exists but pc-port behavior/shape differs
LiveActor/PartsModel.cpp	pc-port/src/Game/LiveActor/PartsModel.cpp	src/Game/LiveActor/PartsModel.cpp	exact-source	yes	d342d6cf59b48fb10383fddc9639a985b508e751e390c1ffe68a134b502de02c	d342d6cf59b48fb10383fddc9639a985b508e751e390c1ffe68a134b502de02c	0	0	0	byte-for-byte match
LiveActor/PartsModel.hpp	pc-port/src/Game/LiveActor/PartsModel.hpp	include/Game/LiveActor/PartsModel.hpp	exact-source	yes	73a1e36c589955464cec2d01a98cb8368fe20ca41331a937ddb4ff5ca895b535	73a1e36c589955464cec2d01a98cb8368fe20ca41331a937ddb4ff5ca895b535	0	0	0	byte-for-byte match
LiveActor/RailRider.cpp	pc-port/src/Game/LiveActor/RailRider.cpp	src/Game/LiveActor/RailRider.cpp	exact-source	yes	2aa34a02d39200ebd7c07fed99185181288c1b353b90d8479f61b2584a40a01c	2aa34a02d39200ebd7c07fed99185181288c1b353b90d8479f61b2584a40a01c	0	0	0	byte-for-byte match
LiveActor/RailRider.hpp	pc-port/src/Game/LiveActor/RailRider.hpp	include/Game/LiveActor/RailRider.hpp	compile-only	yes	cf289872d1bfae96444c4841ee4443cab4dd3c742ce0d6f175a37631cd0d6060	430b87dadffeeee7991b308468871fe3a28666d336e378db04cfe36aacd3ce82	0	0	0	line ending or trailing whitespace only
LiveActor/Spine.cpp	pc-port/src/Game/LiveActor/Spine.cpp	src/Game/LiveActor/Spine.cpp	compat-temporary	yes	376239b5303914501f55c7f09964f64e4764b387fcad452134356ace41573d0d	d18c12b878b5821cb8d79f1c052db451679e90e3053d7fb2b78b6b75d0fcd449	0	0	0	source exists but pc-port behavior/shape differs
LiveActor/Spine.hpp	pc-port/src/Game/LiveActor/Spine.hpp	include/Game/LiveActor/Spine.hpp	compat-temporary	yes	9a96667c39fde9e5aa14f2d6a76f2e62333dded9aa997be7c2d0f4ffd6d70ce4	f4bdbb7f0d143fdd7b7310f6751e00542cef99b925696f477643e2a891fd4c38	0	0	0	source exists but pc-port behavior/shape differs
Map/ActorAppearSwitchListener.cpp	pc-port/src/Game/Map/ActorAppearSwitchListener.cpp	src/Game/Map/ActorAppearSwitchListener.cpp	compile-only	no	44a8b1e51a5b4aef17fbd5826dc0782cd00f325d307f1c2482d7f2b9333e82f5	aaa5b203b50c1ae8431f6c06341bf3b71629e61adbf8dacf15cb34a25bdbeaf4	0	0	0	line ending or trailing whitespace only
Map/ActorAppearSwitchListener.hpp	pc-port/src/Game/Map/ActorAppearSwitchListener.hpp	include/Game/Map/ActorAppearSwitchListener.hpp	exact-source	no	101f5e204c4219bf481623f33da570f611f3a0c2754825a7755a9b8e63cd5ac9	101f5e204c4219bf481623f33da570f611f3a0c2754825a7755a9b8e63cd5ac9	0	0	0	byte-for-byte match
Map/BezierRail.cpp	pc-port/src/Game/Map/BezierRail.cpp	src/Game/Map/BezierRail.cpp	exact-source	no	aa87e74c70eca64ea5f876ab463592187ec12051b2d7fe6d1ecb12c71fbde294	aa87e74c70eca64ea5f876ab463592187ec12051b2d7fe6d1ecb12c71fbde294	0	0	0	byte-for-byte match
Map/BezierRail.hpp	pc-port/src/Game/Map/BezierRail.hpp	include/Game/Map/BezierRail.hpp	exact-source	no	53e50d3ebe4760140cee7e2b4bbe656978099f11d09b229fe2ddbe0edbfccf04	53e50d3ebe4760140cee7e2b4bbe656978099f11d09b229fe2ddbe0edbfccf04	0	0	0	byte-for-byte match
Map/FileSelectCameraController.cpp	pc-port/src/Game/Map/FileSelectCameraController.cpp	src/Game/Map/FileSelectCameraController.cpp	compat-temporary	yes	ccbe08b10ed04050f627d6631de3633613567b15cb8522c7736b79dff50c7653	cbd63b6e7bca960282b2be1d4ed20fc32de8b07d6c519dc342d63124cae65d7a	0	0	0	source exists but pc-port behavior/shape differs
Map/FileSelectCameraController.hpp	pc-port/src/Game/Map/FileSelectCameraController.hpp	include/Game/Map/FileSelectCameraController.hpp	compat-temporary	yes	1448693cea5dff1d960542f09adc4ff349e9a94605f217b30ee60ffd18dc987d	8e7e79bb59d72bb38a479dedc09f1757f593d3b8803942566f3d8bc006395030	0	0	0	source exists but pc-port behavior/shape differs
Map/FileSelectEffect.cpp	pc-port/src/Game/Map/FileSelectEffect.cpp	src/Game/Map/FileSelectEffect.cpp	compat-temporary	yes	3f2fddae03a0ce7ff2b718f821ea4df53039488a1974e07ea97d1f64b4092840	4ffd564b638e16e027e5cd14c90c6540c8fec925c1039c1ba414c2cb6a62b7d6	0	0	0	source exists but pc-port behavior/shape differs
Map/FileSelectEffect.hpp	pc-port/src/Game/Map/FileSelectEffect.hpp	include/Game/Map/FileSelectEffect.hpp	compat-temporary	yes	6af5741ddde3559d13b1f6e68eb4f40c34a984e81ca05b37e9fcec0f14ac14e5	40323e78d6200961c38a580d104213873cf0b77599a19a27f5e884703a7868c1	0	0	0	source exists but pc-port behavior/shape differs
Map/FileSelectFunc.cpp	pc-port/src/Game/Map/FileSelectFunc.cpp	src/Game/Map/FileSelectFunc.cpp	compat-temporary	yes	7b00efdcf79f09759be7cdda33580dc8bc71b4661a14208bcedd1325580e1298	fa0238247be06167f9e663766938364b61491a8da3562f4c222635172ccd564b	0	0	0	source exists but pc-port behavior/shape differs
Map/FileSelectFunc.hpp	pc-port/src/Game/Map/FileSelectFunc.hpp	include/Game/Map/FileSelectFunc.hpp	compat-temporary	yes	da4439285a71821a0bef465378b8556333a96260976a3d2ff0274c3f0356f41d	8d28b62718ee044c10bf5b82505cedcda243c44632e4decf8016840be86bf83a	0	0	0	source exists but pc-port behavior/shape differs
Map/FileSelectIconID.cpp	pc-port/src/Game/Map/FileSelectIconID.cpp	src/Game/Map/FileSelectIconID.cpp	compat-temporary	yes	68d07235bc64b6cc6db0b92a14c021987d907438a2f686c9d6c547de9a053d2a	36bb4ca57bb192e7a08d7d513835924bc2a99102569bac0ac41e33a6537bd3a3	0	0	0	source exists but pc-port behavior/shape differs
Map/FileSelectIconID.hpp	pc-port/src/Game/Map/FileSelectIconID.hpp	include/Game/Map/FileSelectIconID.hpp	compat-temporary	yes	da6a23580f714c7fc3c83b5de11d85ccff0fe75f61f2fb15bdd90764afd6ab86	fd3a930fb21d9228a4f867a51619aa1a54560302b2fc5fdcae801123d2b8b9a3	0	0	0	source exists but pc-port behavior/shape differs
Map/FileSelectItem.cpp	pc-port/src/Game/Map/FileSelectItem.cpp	src/Game/Map/FileSelectItem.cpp	compat-temporary	yes	983df0b8c8848d70a20fdbf69bd3e6982df70eb108ca20dbb2c14ca0ad88b20d	b7ee1030be3830355d78a51d28c5bf040a69766b157be8c3ba150c5bb8d1e5f4	1	0	0	source exists but pc-port behavior/shape differs
Map/FileSelectItem.hpp	pc-port/src/Game/Map/FileSelectItem.hpp	include/Game/Map/FIleSelectItem.hpp	compat-temporary	yes	47306c69410a3cf83f367af48b9f034eedad5f900622a3cec3b94c81d98b6acb	e1bbcd663981c671c72f41865cb61e464b68840b691082160ef2125c73be74b3	1	0	0	root path case-normalized from include/Game/Map/FileSelectItem.hpp; source exists but pc-port behavior/shape differs
Map/FileSelectItemDelegator.hpp	pc-port/src/Game/Map/FileSelectItemDelegator.hpp	include/Game/Map/FileSelectItemDelegator.hpp	compat-temporary	yes	35b6d76e9191fb30ad5592e97b15fc8f01aa09749273f4cd296498061d00dbc5	88471cb3a6abe20834d3da26428c23f5b3dce762b8c626f36d68c5cb8816f2df	0	0	0	source exists but pc-port behavior/shape differs
Map/FileSelectModel.cpp	pc-port/src/Game/Map/FileSelectModel.cpp	src/Game/Map/FileSelectModel.cpp	compat-temporary	yes	e4afe7916ec177163293e93e7a4816b2c158f8db2b2fc5e0f59ebbd55f68fcc0	69f47189505260f14f9cbef370c8fcc5b7b603bffcfd2aedf5db1b8287593375	0	0	0	source exists but pc-port behavior/shape differs
Map/FileSelectModel.hpp	pc-port/src/Game/Map/FileSelectModel.hpp	include/Game/Map/FileSelectModel.hpp	compat-temporary	yes	1e38c2652a0ebc357dbe97702afaf2f37b89f32bd360fe7234041676b3865c99	55026b823e5849e57898a1c3ea77dffcec5eae3fafd1b38d1b01c9b23bf210f3	0	0	0	source exists but pc-port behavior/shape differs
Map/FileSelectSky.cpp	pc-port/src/Game/Map/FileSelectSky.cpp	src/Game/Map/FileSelectSky.cpp	compat-temporary	yes	03fb4d28991339add59c509c83b376e1b900a57718a5be2e22d5243ff93d3ab2	1ef75666711f8c17de46c18601772f2314b8063156da514a87e2524d13d613a3	0	0	0	source exists but pc-port behavior/shape differs
Map/FileSelectSky.hpp	pc-port/src/Game/Map/FileSelectSky.hpp	include/Game/Map/FileSelectSky.hpp	compat-temporary	yes	f4ea9fe1aeb691736744eee6e91b685761768c6e9d8bea03b4fbb957b161dd73	d5657cd75b574812ac0bf6dd9349c649010ce1b39aaa512e38f59a51628f085a	0	0	0	source exists but pc-port behavior/shape differs
Map/FileSelector.cpp	pc-port/src/Game/Map/FileSelector.cpp	src/Game/Map/FileSelector.cpp	compat-temporary	yes	a529f44fd700dff5d29feb7a9b5845fcb4268d63543965fe0bfcc1fa9c5b5a9f	c8f9c50c34c3edc042cf074c880731f4bfcfe1ae8125431a14a77b5ca39d27d5	47	0	0	source exists but pc-port behavior/shape differs
Map/FileSelector.hpp	pc-port/src/Game/Map/FileSelector.hpp	include/Game/Map/FileSelector.hpp	compat-temporary	yes	c6fe6339f338161516dfddd63b2b9648f080ce4921ecffc71c0100290efa9d26	abc984fc721f8f58420cbb8a05a0f3497cc1ed3ec9fc74cbd9772c2234d4d363	2	0	0	source exists but pc-port behavior/shape differs
Map/GroupSwitchWatcher.cpp	pc-port/src/Game/Map/GroupSwitchWatcher.cpp	src/Game/Map/GroupSwitchWatcher.cpp	exact-source	no	b9b8c8b4236bd5d67e69078254f86611109d809a8ef9b34c897daf2e8491192f	b9b8c8b4236bd5d67e69078254f86611109d809a8ef9b34c897daf2e8491192f	0	0	0	byte-for-byte match
Map/GroupSwitchWatcher.hpp	pc-port/src/Game/Map/GroupSwitchWatcher.hpp	include/Game/Map/GroupSwitchWatcher.hpp	exact-source	no	3c5767b7d2f9f4eac5158944f3b1a8e268aaa69076a30cfcb6468e62e953dc5a	3c5767b7d2f9f4eac5158944f3b1a8e268aaa69076a30cfcb6468e62e953dc5a	0	0	0	byte-for-byte match
Map/LightDataHolder.cpp	pc-port/src/Game/Map/LightDataHolder.cpp	src/Game/Map/LightDataHolder.cpp	compat-temporary	no	b8ea3424c7ecaa7b1f50badde55a910fc8a5a120dddffb50f6b09cfc491f04af	f49269bfa4b715a6ce29e597f60b8e2ea2469bb2a75cbe22b4c00e3adce507c6	0	0	0	source exists but pc-port behavior/shape differs
Map/LightDataHolder.hpp	pc-port/src/Game/Map/LightDataHolder.hpp	include/Game/Map/LightDataHolder.hpp	compat-temporary	no	80eb729320dc9f51418907c0d3e32067ef9a161fa425a537387b89a744ed8e77	3873876ece81209a957d9a811a0441dd1fff24be7a3cc42ab7bd7ef128647413	0	0	0	source exists but pc-port behavior/shape differs
Map/LightFunction.cpp	pc-port/src/Game/Map/LightFunction.cpp	src/Game/Map/LightFunction.cpp	compat-temporary	no	7d66c06569a65fea52feba7645a49455ca1d06c341cb8954776ef2521af2a9c8	e7854eacc49565f620eb15d244101ab9fbb4d32d489034c2acfaa96b83774cd7	0	0	0	source exists but pc-port behavior/shape differs
Map/LightFunction.hpp	pc-port/src/Game/Map/LightFunction.hpp	include/Game/Map/LightFunction.hpp	compat-temporary	no	b3ec46df471655541fbb5676346ed9db2ffe9ed74a2743c1dcb0245655343fa8	9943c22eebc0330d99a425ced9f05f8f0370b6de6833a22f77f7bcd360d45243	0	0	0	source exists but pc-port behavior/shape differs
Map/LightPointCtrl.hpp	pc-port/src/Game/Map/LightPointCtrl.hpp	include/Game/Map/LightPointCtrl.hpp	compat-temporary	no	e7d86f164797121922bf127c54cd2d5ef9725d0273058b3cb043b5b31734c3c9	d71f539973fba7bbc02c7e87de856bb47270a165415e108f6e04af810b9834c3	0	0	0	source exists but pc-port behavior/shape differs
Map/LightZoneDataHolder.cpp	pc-port/src/Game/Map/LightZoneDataHolder.cpp	src/Game/Map/LightZoneDataHolder.cpp	compat-temporary	no	c495a05145dee9125175b175d5ff25b8c1b0724bbb3f1ce75b5a95ba5f08213a	2a6dd612d060cb73207c4af1e798303141ce9a003c217a0205655bd2c209a561	0	0	0	source exists but pc-port behavior/shape differs
Map/LightZoneDataHolder.hpp	pc-port/src/Game/Map/LightZoneDataHolder.hpp	include/Game/Map/LightZoneDataHolder.hpp	compat-temporary	no	40a881d2627688a917c23bd221dcf3423914e4f0c9321074c9ff4a93dac0da00	fd0bd1fc94d17a8ad7d3a633387324750793516058ba7e1b4b00da81c6ffafe3	0	0	0	source exists but pc-port behavior/shape differs
Map/RailPart.cpp	pc-port/src/Game/Map/RailPart.cpp	src/Game/Map/RailPart.cpp	exact-source	no	928fcb5eaa42a5f96ae5d5e91852fe7c063c973a4bcb92b8e07feee48dbac194	928fcb5eaa42a5f96ae5d5e91852fe7c063c973a4bcb92b8e07feee48dbac194	0	0	0	byte-for-byte match
Map/RailPart.hpp	pc-port/src/Game/Map/RailPart.hpp	include/Game/Map/RailPart.hpp	exact-source	no	1f313054bc4a73c1bedc9d71ea010a14bbbe5613deddaeccadf798e92916c89d	1f313054bc4a73c1bedc9d71ea010a14bbbe5613deddaeccadf798e92916c89d	0	0	0	byte-for-byte match
Map/SleepController.cpp	pc-port/src/Game/Map/SleepController.cpp	src/Game/Map/SleepController.cpp	exact-source	no	0d07df96bdd8d065f357dd46737037cd4d2be12f47f4d924170abcd1977f44bc	0d07df96bdd8d065f357dd46737037cd4d2be12f47f4d924170abcd1977f44bc	0	0	0	byte-for-byte match
Map/SleepController.hpp	pc-port/src/Game/Map/SleepController.hpp	include/Game/Map/SleepController.hpp	exact-source	no	76c992c6bb83f1e844b76ea4d30ed289b761fba445b261f491ed96935f0cf4bd	76c992c6bb83f1e844b76ea4d30ed289b761fba445b261f491ed96935f0cf4bd	0	0	0	byte-for-byte match
Map/SleepControllerHolder.cpp	pc-port/src/Game/Map/SleepControllerHolder.cpp	src/Game/Map/SleepControllerHolder.cpp	compat-temporary	no	83542a9caa70f66e2f83d28377fe0063305ba77a3e69b1a514be39bf49878dfa	37dac27e0f9d9eb0ed555fca39fb9a078fc5e2b338158aa3fe974c25bca8ab5b	0	0	0	source exists but pc-port behavior/shape differs
Map/SleepControllerHolder.hpp	pc-port/src/Game/Map/SleepControllerHolder.hpp	include/Game/Map/SleepControllerHolder.hpp	exact-source	no	2b55054e06e1ce89dc46d58d0d1a2cc9fe473af8ea5a6e1e8761d0cbfc6101a5	2b55054e06e1ce89dc46d58d0d1a2cc9fe473af8ea5a6e1e8761d0cbfc6101a5	0	0	0	byte-for-byte match
Map/StageSwitch.cpp	pc-port/src/Game/Map/StageSwitch.cpp	src/Game/Map/StageSwitch.cpp	exact-source	no	db0abe69e500765573303fc74a0f7065b5baf72241044d761407df666a450e61	db0abe69e500765573303fc74a0f7065b5baf72241044d761407df666a450e61	0	0	0	byte-for-byte match
Map/StageSwitch.hpp	pc-port/src/Game/Map/StageSwitch.hpp	include/Game/Map/StageSwitch.hpp	exact-source	no	766a9127b10ee5500e107d8f8d78f08c0c4bfa9d953d0df5e630012dd8539aee	766a9127b10ee5500e107d8f8d78f08c0c4bfa9d953d0df5e630012dd8539aee	0	0	0	byte-for-byte match
Map/SwitchSynchronizer.cpp	pc-port/src/Game/Map/SwitchSynchronizer.cpp	src/Game/Map/SwitchSynchronizer.cpp	exact-source	no	e80d6c35f0e871cc25cda9dab9ab4b65e748d903d1da2c1cdf93fe4fcebc8f49	e80d6c35f0e871cc25cda9dab9ab4b65e748d903d1da2c1cdf93fe4fcebc8f49	0	0	0	byte-for-byte match
Map/SwitchSynchronizer.hpp	pc-port/src/Game/Map/SwitchSynchronizer.hpp	include/Game/Map/SwitchSynchronizer.hpp	exact-source	no	22d87f06098a4194bf4f16a088603b2d0010f480169a859abc610e7088dbbb9c	22d87f06098a4194bf4f16a088603b2d0010f480169a859abc610e7088dbbb9c	0	0	0	byte-for-byte match
Map/SwitchWatcher.cpp	pc-port/src/Game/Map/SwitchWatcher.cpp	src/Game/Map/SwitchWatcher.cpp	exact-source	no	05c8a372fcd80fb6d21e72191268820829522876c9d67aacdcce2735779334a7	05c8a372fcd80fb6d21e72191268820829522876c9d67aacdcce2735779334a7	0	0	0	byte-for-byte match
Map/SwitchWatcher.hpp	pc-port/src/Game/Map/SwitchWatcher.hpp	include/Game/Map/SwitchWatcher.hpp	exact-source	no	4afa859ecdcae0f5450fb47c452f4ef252184f94afa7efa3bf04898421d5513e	4afa859ecdcae0f5450fb47c452f4ef252184f94afa7efa3bf04898421d5513e	0	0	0	byte-for-byte match
Map/SwitchWatcherHolder.cpp	pc-port/src/Game/Map/SwitchWatcherHolder.cpp	src/Game/Map/SwitchWatcherHolder.cpp	exact-source	no	0e9b862eb9cc0838706e56855aad4058015ee408617ddb915edbe841b0c148dc	0e9b862eb9cc0838706e56855aad4058015ee408617ddb915edbe841b0c148dc	0	0	0	byte-for-byte match
Map/SwitchWatcherHolder.hpp	pc-port/src/Game/Map/SwitchWatcherHolder.hpp	include/Game/Map/SwitchWatcherHolder.hpp	exact-source	no	b1fdb2d343ac8d1f0eafcf77a9270f6b608002d2e189e803d0c99beeaf6b4b95	b1fdb2d343ac8d1f0eafcf77a9270f6b608002d2e189e803d0c99beeaf6b4b95	0	0	0	byte-for-byte match
MapObj/Coin.cpp	pc-port/src/Game/MapObj/Coin.cpp	src/Game/MapObj/Coin.cpp	exact-source	no	0b017b41cf0f5b1935fa43d33871c9d94c6859477393fa0ab40282a229fbab60	0b017b41cf0f5b1935fa43d33871c9d94c6859477393fa0ab40282a229fbab60	0	0	0	byte-for-byte match
MapObj/Coin.hpp	pc-port/src/Game/MapObj/Coin.hpp	include/Game/MapObj/Coin.hpp	exact-source	no	d0da2ee223cbc2ba5319e198396777383d0808109c0ec79b72a4563665a514d3	d0da2ee223cbc2ba5319e198396777383d0808109c0ec79b72a4563665a514d3	0	0	0	byte-for-byte match
MapObj/CoinGroup.cpp	pc-port/src/Game/MapObj/CoinGroup.cpp	src/Game/MapObj/CoinGroup.cpp	exact-source	no	2cc8e7275f58fd3e25b31789377cd063b474d35e3a18df9cb446e28c53f08e03	2cc8e7275f58fd3e25b31789377cd063b474d35e3a18df9cb446e28c53f08e03	0	0	0	byte-for-byte match
MapObj/CoinGroup.hpp	pc-port/src/Game/MapObj/CoinGroup.hpp	include/Game/MapObj/CoinGroup.hpp	exact-source	no	a940e38087bbf3c2a0223db711c44502ab65a5fb6bf7ebde1f0828bbe78e4892	a940e38087bbf3c2a0223db711c44502ab65a5fb6bf7ebde1f0828bbe78e4892	0	0	0	byte-for-byte match
MapObj/CoinHolder.cpp	pc-port/src/Game/MapObj/CoinHolder.cpp	src/Game/MapObj/CoinHolder.cpp	exact-source	no	c6345b2f27a9af3091b6ca5a6eab8e15891a186b870557568258403e3b1863e5	c6345b2f27a9af3091b6ca5a6eab8e15891a186b870557568258403e3b1863e5	0	0	0	byte-for-byte match
MapObj/CoinHolder.hpp	pc-port/src/Game/MapObj/CoinHolder.hpp	include/Game/MapObj/CoinHolder.hpp	exact-source	no	dd28880eefeaab48367af860501aabf3e1fffe3b83cc473e0bd39f0f6cface32	dd28880eefeaab48367af860501aabf3e1fffe3b83cc473e0bd39f0f6cface32	0	0	0	byte-for-byte match
MapObj/CoinRotater.cpp	pc-port/src/Game/MapObj/CoinRotater.cpp	src/Game/MapObj/CoinRotater.cpp	exact-source	no	63459699e5669138217fe75ae7e0de5bbfecd2cd63748f12994eb3ee65d21c6f	63459699e5669138217fe75ae7e0de5bbfecd2cd63748f12994eb3ee65d21c6f	0	0	0	byte-for-byte match
MapObj/CoinRotater.hpp	pc-port/src/Game/MapObj/CoinRotater.hpp	include/Game/MapObj/CoinRotater.hpp	compile-only	no	61e2bc0159b30c46886284496295cc01d80989ce963b72551349a5e0ab2287e5	f38eeb37643eeec03747733127ea23108036e205be0e527d7a14d566a0f1b517	0	0	0	line ending or trailing whitespace only
MapObj/CollisionBlocker.cpp	pc-port/src/Game/MapObj/CollisionBlocker.cpp	src/Game/MapObj/CollisionBlocker.cpp	exact-source	no	742cfb9d0528bcb209d85a4d6e9944a1a0b6299b946fabc34b5c5643ad91a4b7	742cfb9d0528bcb209d85a4d6e9944a1a0b6299b946fabc34b5c5643ad91a4b7	0	0	0	byte-for-byte match
MapObj/CollisionBlocker.hpp	pc-port/src/Game/MapObj/CollisionBlocker.hpp	include/Game/MapObj/CollisionBlocker.hpp	exact-source	no	74f7a7832d10c13254aeab03dc2fa5ef67ddc8c84bd3d4da29b9e5386abf6e8f	74f7a7832d10c13254aeab03dc2fa5ef67ddc8c84bd3d4da29b9e5386abf6e8f	0	0	0	byte-for-byte match
MapObj/PurpleCoinHolder.cpp	pc-port/src/Game/MapObj/PurpleCoinHolder.cpp	src/Game/MapObj/PurpleCoinHolder.cpp	compile-only	no	44989fdb6dce6af6dc918d47ff2b015896c805bb7a112a1fdbc576b11ff71856	a556a7f8a54b6b31b014baca368958dac1e15e5ab765424af0c91450402fe237	0	0	0	line ending or trailing whitespace only
MapObj/PurpleCoinHolder.hpp	pc-port/src/Game/MapObj/PurpleCoinHolder.hpp	include/Game/MapObj/PurpleCoinHolder.hpp	compile-only	no	32a7ba85d443f467e7b911ff607567b3fd920da90c4eba94d071f4504110ddb9	485569cfce921b87ba163961c41a569b773359e7fb6213c1947b82509a3de2c4	0	0	0	line ending or trailing whitespace only
MapObj/PurpleCoinStarter.cpp	pc-port/src/Game/MapObj/PurpleCoinStarter.cpp	src/Game/MapObj/PurpleCoinStarter.cpp	exact-source	no	faa11b66edb665a5dbfec1466be6c38cfb68977e6251026e5494da746375dcbd	faa11b66edb665a5dbfec1466be6c38cfb68977e6251026e5494da746375dcbd	0	0	0	byte-for-byte match
MapObj/PurpleCoinStarter.hpp	pc-port/src/Game/MapObj/PurpleCoinStarter.hpp	include/Game/MapObj/PurpleCoinStarter.hpp	exact-source	no	0928a21bccea372e672255fa8642e272a2b66a234663d2109fc8577b8490202c	0928a21bccea372e672255fa8642e272a2b66a234663d2109fc8577b8490202c	0	0	0	byte-for-byte match
MapObj/RailCoin.cpp	pc-port/src/Game/MapObj/RailCoin.cpp	src/Game/MapObj/RailCoin.cpp	compat-temporary	no	9f9a5c834a89f08b53cc265c7d8536016f6aff435cdb418b9fe3c10c4169a672	85b907bf6271462956f8354fe66c9c74a13d40e4491c878bc00b70cf185f612d	0	0	0	source exists but pc-port behavior/shape differs
MapObj/RailCoin.hpp	pc-port/src/Game/MapObj/RailCoin.hpp	include/Game/MapObj/RailCoin.hpp	exact-source	no	f5c9e1c38ba82fcf53554b9b69d6cebd82ead7e1feca83b886a98c224008cc67	f5c9e1c38ba82fcf53554b9b69d6cebd82ead7e1feca83b886a98c224008cc67	0	0	0	byte-for-byte match
NPC/MiiFacePartsHolder.cpp	pc-port/src/Game/NPC/MiiFacePartsHolder.cpp	src/Game/NPC/MiiFacePartsHolder.cpp	compat-temporary	yes	4dc291d3e54284592bf3f341e022f39548fd53ae007e16ddc453fbe32283cc30	6e4f5d8c9eac31d68c5e57fa81bdb6e13a43c7e979413b8c3cd6108fa6d8c5ac	0	0	0	source exists but pc-port behavior/shape differs
NPC/MiiFacePartsHolder.hpp	pc-port/src/Game/NPC/MiiFacePartsHolder.hpp	include/Game/NPC/MiiFacePartsHolder.hpp	compat-temporary	yes	62b068c40324db1cf3e1c1b9a2e2cb06dd157b50ac551436cd31b945bd964b68	f1355d97fde89aa73ce5cee7a8366b45982bca3d733ecd7b6253b8fe17994b7a	0	0	0	source exists but pc-port behavior/shape differs
NameObj/NameObj.cpp	pc-port/src/Game/NameObj/NameObj.cpp	src/Game/NameObj/NameObj.cpp	compat-temporary	yes	83113236f86c3a3e38657d27ee00a70fe938640709464ea8876bbe3fdedc6e2d	fd880d329c9fb1b03ef56f1084a032b35217929721b098f8ff21ac54619ecc6e	0	0	0	source exists but pc-port behavior/shape differs
NameObj/NameObj.hpp	pc-port/src/Game/NameObj/NameObj.hpp	include/Game/NameObj/NameObj.hpp	compat-temporary	yes	0690440070ff1fb81bf0ba2ae3a82c09fd0c7f7154e21865ce1e65542c46e090	956edf345668625852a9e8d18b594de044f9394d9dc9674d9dc9c6ca3f122181	0	0	0	source exists but pc-port behavior/shape differs
NameObj/NameObjArchiveListCollector.cpp	pc-port/src/Game/NameObj/NameObjArchiveListCollector.cpp	src/Game/NameObj/NameObjArchiveListCollector.cpp	compat-temporary	yes	fddae34fb82909cee5c3a4f6a3de97557a26b52382a9077824b09d30416aba96	892cb273339aa60ee321ecd12af413504a8245501fd141f57a6d893cade14726	0	0	0	source exists but pc-port behavior/shape differs
NameObj/NameObjArchiveListCollector.hpp	pc-port/src/Game/NameObj/NameObjArchiveListCollector.hpp	include/Game/NameObj/NameObjArchiveListCollector.hpp	compat-temporary	yes	1ddde4120e350650f52e67ea49279298864c7a94957f562dd28662e51ccbdc87	104b2a0aa1f6edeb528539269035cb51120b6ec4f105252532c781cbcf35b298	0	0	0	source exists but pc-port behavior/shape differs
NameObj/NameObjExecuteHolder.hpp	pc-port/src/Game/NameObj/NameObjExecuteHolder.hpp	include/Game/NameObj/NameObjExecuteHolder.hpp	exact-source	yes	c64a8d278cfb0874830ef98d20182b35b8b9f71d7416d7704998c8f808927705	c64a8d278cfb0874830ef98d20182b35b8b9f71d7416d7704998c8f808927705	0	0	0	byte-for-byte match
NameObj/NameObjFactory.cpp	pc-port/src/Game/NameObj/NameObjFactory.cpp	src/Game/NameObj/NameObjFactory.cpp	compat-temporary	yes	2e70b87fc4333d702c1a64e4bb5667fff8a74a99c04d0ce1c43c5d92d5d3d1c8	aeb4a134477cd797213213e7aa23820f94875531d65cdc2cdfee872fb2200249	0	0	0	source exists but pc-port behavior/shape differs
NameObj/NameObjFactory.hpp	pc-port/src/Game/NameObj/NameObjFactory.hpp	include/Game/NameObj/NameObjFactory.hpp	compat-temporary	yes	7ba22f6fe36bd17c50cf08978385be6ba844ebf92cd98cb00c0a791f436b1292	9615f963b6f7bd1a2d15a9e5d15d7b7e1da26e9a518ded0732e0bb57c618617c	0	0	0	source exists but pc-port behavior/shape differs
NameObj/NameObjGroup.cpp	pc-port/src/Game/NameObj/NameObjGroup.cpp	src/Game/NameObj/NameObjGroup.cpp	compile-only	yes	bde62ae0715df5dfb7fb8073ec9d15086a8e5a11b637cc6383bdde92f52fff26	8878df730bc8fa24ac324384fdece19826a2ebd56029594ea797d5df0eb10ecf	0	0	0	line ending or trailing whitespace only
NameObj/NameObjGroup.hpp	pc-port/src/Game/NameObj/NameObjGroup.hpp	include/Game/NameObj/NameObjGroup.hpp	compile-only	yes	b8fdb96bfabb210577209d59f3eb73c4521f8a39fef2a013cca83f6656ea958a	954ea63afab2e66ec8c7f54749b334369621478d4ca4be897f60396458333e67	0	0	0	line ending or trailing whitespace only
Scene/Scene.cpp	pc-port/src/Game/Scene/Scene.cpp	src/Game/Scene/Scene.cpp	compat-temporary	yes	50824714212712c93bc4cf9e5f75fb48342ef7a73c2d4d66bac896695b934d6c	00a82248ee4b6eb23cd1a9196c0b59e42b3243980f68e9561c5c0b9b06510eee	0	0	0	source exists but pc-port behavior/shape differs
Scene/Scene.hpp	pc-port/src/Game/Scene/Scene.hpp	include/Game/Scene/Scene.hpp	compat-temporary	yes	9d54cb7a1a82cc1d540cb1b2071182cf642c7f9a93ac67b7a92457337a8b75ae	85079cfa7c53b62c0bbdb076061d370833961f2a6c04e5ca012d2351757bebf0	0	0	0	source exists but pc-port behavior/shape differs
Scene/SceneFunction.cpp	pc-port/src/Game/Scene/SceneFunction.cpp	src/Game/Scene/SceneFunction.cpp	compat-temporary	yes	15a7c39573df1baafaf46fa09b85e8ca7895700a76d9a83ca454586860ddf0a5	c5cc22855ccf73a5f8fdf042812998b4395fb62035901cd221e155b29b5a1e9f	0	0	0	source exists but pc-port behavior/shape differs
Scene/SceneFunction.hpp	pc-port/src/Game/Scene/SceneFunction.hpp	include/Game/Scene/SceneFunction.hpp	compat-temporary	yes	6d6a1ee0c7e0859e822025cb8d792f7d3fcb0199e4ab7a9d59e3e2f69e52a77f	bcba0918a5c922d154eaae89a76664e35e67c70c299b7231db45314481442c65	0	0	0	source exists but pc-port behavior/shape differs
Scene/SceneObjHolder.cpp	pc-port/src/Game/Scene/SceneObjHolder.cpp	src/Game/Scene/SceneObjHolder.cpp	compat-temporary	yes	6cdc000073e9a80445e38b2d62e1359629b69f51bec70cd531deb573a2bab4ae	ea2a2a2dad5fcd4c9a789d68477fe74ec63835fc3f1ece6e824b70895e605823	0	0	0	source exists but pc-port behavior/shape differs
Scene/SceneObjHolder.hpp	pc-port/src/Game/Scene/SceneObjHolder.hpp	include/Game/Scene/SceneObjHolder.hpp	compat-temporary	yes	37593fa90c280874938bc2577c91f8ba872feaa77ae51cbb445b11afe32b695a	8e830cfc37c2fbc37d8f8604c0334257d4d56ad584aacfabcca605540867ee7e	0	0	0	source exists but pc-port behavior/shape differs
Screen/BackButton.cpp	pc-port/src/Game/Screen/BackButton.cpp	src/Game/Screen/BackButton.cpp	compat-temporary	yes	bef3ec3823495efe6d3928ae1ac1374421046e0a211881b824f3bd6d48f08d0c	001553dfd3200895062fe40315b42002755ae5ab02a8065c76efddfaf1612b16	0	0	0	source exists but pc-port behavior/shape differs
Screen/BackButton.hpp	pc-port/src/Game/Screen/BackButton.hpp	include/Game/Screen/BackButton.hpp	compat-temporary	yes	9e22b28deb01d77cc7962e881ea249f5fe5e3691371ff1a68002b25f522f98fd	b7d7febc63a8b9371012cb4551bb2156704c7a209261c2ab634a3c94e6d9629d	0	0	0	source exists but pc-port behavior/shape differs
Screen/BrosButton.cpp	pc-port/src/Game/Screen/BrosButton.cpp	src/Game/Screen/BrosButton.cpp	compat-temporary	yes	2f00928fb58bfc45a98bd24363eb20c8e97fe548d5ca7965a9b5e79fd916f4ad	920d383e0c12e73c08942c2029f25c55208b99c727876db657ada4cfedcc2d88	0	0	0	source exists but pc-port behavior/shape differs
Screen/BrosButton.hpp	pc-port/src/Game/Screen/BrosButton.hpp	include/Game/Screen/BrosButton.hpp	compat-temporary	yes	503dc0e2eb552b7da186c15b820fedec332582f35551e2a899b0d85f482b18ad	020b7942788017fddeb0e451a4ec489d7f44c8fe6c85896d34a21054f790affb	0	0	0	source exists but pc-port behavior/shape differs
Screen/ButtonPaneController.cpp	pc-port/src/Game/Screen/ButtonPaneController.cpp	src/Game/Screen/ButtonPaneController.cpp	compat-temporary	yes	9a9e791b2301491c44e822c3a3664a57991800894f6a376d4010adf62ce616ad	d25c13010c59ca5d23aaf02660bc72a00149be6075e14f8871ce5d62faa5cd0a	1	0	0	source exists but pc-port behavior/shape differs
Screen/ButtonPaneController.hpp	pc-port/src/Game/Screen/ButtonPaneController.hpp	include/Game/Screen/ButtonPaneController.hpp	compat-temporary	yes	3599ef3ca8459220223ccfdf5b516e392804761a163da1ea53051c9ee235fda8	9af6c4cf1b40a419e40dde309c6d886d665520e88785f86729a28437eb4374a2	1	0	0	source exists but pc-port behavior/shape differs
Screen/CaptureScreenDirector.cpp	pc-port/src/Game/Screen/CaptureScreenDirector.cpp	src/Game/Screen/CaptureScreenDirector.cpp	compat-temporary	yes	20798025dc7173b9640a66c439ebf47e1aae9ba5eb91d2ee7b0ce46133acde68	19c9e1c0ae768269455902eabf724598a70618640be0eb4c5c26ae476d298aec	0	0	0	source exists but pc-port behavior/shape differs
Screen/CaptureScreenDirector.hpp	pc-port/src/Game/Screen/CaptureScreenDirector.hpp	include/Game/Screen/CaptureScreenDirector.hpp	compat-temporary	yes	defdad2e4042e1baabac146f110cf0f4dece1d9696c29067469c0a9960993d8d	179124fb067de78ae97cfb0083494ba8290ab6efd6588dc22c5c3333f99a290f	0	0	0	source exists but pc-port behavior/shape differs
Screen/EncouragePal60Window.cpp	pc-port/src/Game/Screen/EncouragePal60Window.cpp	src/Game/Screen/EncouragePal60Window.cpp	compat-temporary	yes	b5bdcbef0fd168f63718356b19f5ce1a602dcf6c76953d43ea357ac6d57cd127	80b7a19832655b25d4bdc969774da05693c23c4e903f328d205cc4e5ba3d35ed	0	0	0	source exists but pc-port behavior/shape differs
Screen/EncouragePal60Window.hpp	pc-port/src/Game/Screen/EncouragePal60Window.hpp	include/Game/Screen/EncouragePal60Window.hpp	compat-temporary	yes	2162d94d19aa93224513ef22f9d34700815d0f985e83d1bb18f973d85b8cc639	d7f5a3b5d36b35f5097d9cb4e3b3edb0eac0eff85d49c5a694a05204d19a7157	0	0	0	source exists but pc-port behavior/shape differs
Screen/FileSelectButton.cpp	pc-port/src/Game/Screen/FileSelectButton.cpp	src/Game/Screen/FileSelectButton.cpp	compat-temporary	yes	2a8a8b36d3e5f769163ea880a08369130a4b78b0a0051d273f4dfb47a1f32154	447e4511ad042969bceae43340b1fc484ecdf4a0df426b66769f1bb5eb17f7db	0	0	0	source exists but pc-port behavior/shape differs
Screen/FileSelectButton.hpp	pc-port/src/Game/Screen/FileSelectButton.hpp	include/Game/Screen/FileSelectButton.hpp	compat-temporary	yes	bf58d2c88905448b99d3fa6f22fe612b535924e9cc705ea8399647f2a392bb6c	6d0af74668eac9fc24da5edd5296b1139561d767342e277af41f64c7b1cfeed2	0	0	0	source exists but pc-port behavior/shape differs
Screen/FileSelectInfo.cpp	pc-port/src/Game/Screen/FileSelectInfo.cpp	src/Game/Screen/FileSelectInfo.cpp	compat-temporary	yes	eb5ce135bee7b2ea64ecdb96807744b47e6e52d40c2df5a1b5c7c30ae7acde1c	06b6e87992856071f849ccc233cc61f11a727c868533640530f43a2727545da6	1	0	0	source exists but pc-port behavior/shape differs
Screen/FileSelectInfo.hpp	pc-port/src/Game/Screen/FileSelectInfo.hpp	include/Game/Screen/FileSelectInfo.hpp	compat-temporary	yes	e38e2acaff62b64e0b3507c27408615f6f7a183cfce4dbb52e590f362fca938a	0b9cdf2db96c25b984920761d5c4c9fa87d14acf217f50997fc012449a2ef82c	1	0	0	source exists but pc-port behavior/shape differs
Screen/FileSelectNumber.cpp	pc-port/src/Game/Screen/FileSelectNumber.cpp	src/Game/Screen/FileSelectNumber.cpp	compat-temporary	yes	fbca2e4633e802a0517a8901ce4b4f963b4cc683b2d50d72a378511a30ab26c5	27528706101a2d71c5306829d3d170cd76cb7548bd9909450a87a6f7cc3c8aff	0	0	0	source exists but pc-port behavior/shape differs
Screen/FileSelectNumber.hpp	pc-port/src/Game/Screen/FileSelectNumber.hpp	include/Game/Screen/FileSelectNumber.hpp	compat-temporary	yes	8d3a045c0d15f1517ea41ee188dc5257f00b2e50315471420e7c83e38dbb0e35	d93e9b0c37aa11267e2918d926374af9aeb287b528ac690fba472873fff9f73c	0	0	0	source exists but pc-port behavior/shape differs
Screen/GalaxyMapGalaxyPlain.cpp	pc-port/src/Game/Screen/GalaxyMapGalaxyPlain.cpp	src/Game/Screen/GalaxyMapGalaxyPlain.cpp	compat-temporary	no	9e5e5fb2185b6d78366256d0ffdfed6498f852ee96b2db4c60c2d0b812f8bed0	8ac8656ba968040fd4984ebeeb32da077517b64a1c1d98bf56fdcdd6ef3366cc	0	0	0	source exists but pc-port behavior/shape differs
Screen/GalaxyMapGalaxyPlain.hpp	pc-port/src/Game/Screen/GalaxyMapGalaxyPlain.hpp	include/Game/Screen/GalaxyMapGalaxyPlain.hpp	compat-temporary	no	fd9927dcd38ebdc85ce0b34e0cb7927914d781d8387dcc0ae098c76ce1082404	6b5d4c118800631f6374ecf99acc98bbfe97706babeeedb710d52564947e2b5e	0	0	0	source exists but pc-port behavior/shape differs
Screen/IconAButton.cpp	pc-port/src/Game/Screen/IconAButton.cpp	src/Game/Screen/IconAButton.cpp	compat-temporary	yes	abba34528713d641d326bfda65ece6629207b009157cf921544ae036562f7ef9	a9034b6acc67aa169e3e4af67bbecd7683fd5dbece996c67b1798903d7f6dc28	0	0	0	source exists but pc-port behavior/shape differs
Screen/IconAButton.hpp	pc-port/src/Game/Screen/IconAButton.hpp	include/Game/Screen/IconAButton.hpp	compat-temporary	yes	7db14634a1ac1728d3228dc3c463655c42795df5de6896c4a17e220eb4806f52	bd36ce4e7bd6972a97477dfd436cb638d77464c24dde69c24893bba426e72707	0	0	0	source exists but pc-port behavior/shape differs
Screen/InformationMessage.cpp	pc-port/src/Game/Screen/InformationMessage.cpp	src/Game/Screen/InformationMessage.cpp	compat-temporary	yes	7b07eb587b2cb345e3f7021550787327c42eb79470d60c8767bc8db0f154b31d	e25681b6135066318dbde76411380e5aa3eb89e934f38564f2851ce4107c8cd3	0	0	0	source exists but pc-port behavior/shape differs
Screen/InformationMessage.hpp	pc-port/src/Game/Screen/InformationMessage.hpp	include/Game/Screen/InformationMessage.hpp	compat-temporary	yes	3c1db3b6a805ae718c58dc2f03f4e3c99830538105cf03463664038f53194c47	244154bffda8e68331f338b5a8ac26eca0e8db17eab80f8f580318967dc3f40c	0	0	0	source exists but pc-port behavior/shape differs
Screen/LayoutActor.cpp	pc-port/src/Game/Screen/LayoutActor.cpp	src/Game/Screen/LayoutActor.cpp	compat-temporary	yes	6828a9a7abc5cf3932a403fc3c7771c1ac389135a800d2c67cd611a8804b2fae	b3a77ab8d38fa1f7e124bd95d43cb25bc67c8f35ae8e6119bb0a2f84cbb50d92	0	0	0	source exists but pc-port behavior/shape differs
Screen/LayoutActor.hpp	pc-port/src/Game/Screen/LayoutActor.hpp	include/Game/Screen/LayoutActor.hpp	compat-temporary	yes	ce83124b49e95468cc327633f0b72ae7aabb009e7f9416f0480fd3f014db7468	cf39441c8b4f6418775b8e6c516448c6f7a06ef9f954d0f46f7dc3dc6f9d85a4	0	0	0	source exists but pc-port behavior/shape differs
Screen/LayoutActorFlag.hpp	pc-port/src/Game/Screen/LayoutActorFlag.hpp	include/Game/Screen/LayoutActorFlag.hpp	compat-temporary	yes	a58408ca3b465f50a6d53e4c5937c2f19e817565883942d98c13c5db0ba317cc	ae3d293a408ad1b5ed06a0b80b5eb4e05e16e915c1f1303a9d9202b085644bf4	0	0	0	source exists but pc-port behavior/shape differs
Screen/LayoutManager.cpp	pc-port/src/Game/Screen/LayoutManager.cpp		decomp-needed	yes	d80cc7baf96f72c58fce64e70e2cf709d7ad40100db6d8f0822795ffa0f3ebc6		1	0	0	no root implementation counterpart; declaration counterpart include/Game/Screen/LayoutManager.hpp
Screen/LayoutManager.hpp	pc-port/src/Game/Screen/LayoutManager.hpp	include/Game/Screen/LayoutManager.hpp	compat-temporary	yes	313de23559bf7c557603a650c1ef99c31b6f2d95d6c5aebaa7c58df78028d9e3	ac2a504aac222f5eccce30c1be7fa061944b315c2124cfa4c53f734a0955d524	2	0	0	source exists but pc-port behavior/shape differs
Screen/LayoutPaneCtrl.cpp	pc-port/src/Game/Screen/LayoutPaneCtrl.cpp	src/Game/Screen/LayoutPaneCtrl.cpp	compat-temporary	yes	55211094b38551ee4c3585fed1fda002269b281da3544200cb19bcd4a96dfdbb	fcb1d8d8da2a711a0c7bc96cc7bdb221d348be767b2f3a581832439db1f4e1a4	1	0	0	source exists but pc-port behavior/shape differs
Screen/LayoutPaneCtrl.hpp	pc-port/src/Game/Screen/LayoutPaneCtrl.hpp	include/Game/Screen/LayoutPaneCtrl.hpp	compat-temporary	yes	5e4d04be0fa6de01b3e12894e2ecf0c1509b6fafcd9c6483635a5b8d45d26c90	e5af8a2a5db8faae18a328851c8253526d0edb75dba365836b4803e318a99aa3	2	0	0	source exists but pc-port behavior/shape differs
Screen/Manual2P.cpp	pc-port/src/Game/Screen/Manual2P.cpp	src/Game/Screen/Manual2P.cpp	compat-temporary	yes	9dc255431672a881b236f867cd0c03f22225d34e7cc1285318fb5da82afa11ea	90fd71dec698be717a3d641b397c1758532eed8c91906f27a76b428c4d928fa7	0	0	0	source exists but pc-port behavior/shape differs
Screen/Manual2P.hpp	pc-port/src/Game/Screen/Manual2P.hpp	include/Game/Screen/Manual2P.hpp	compat-temporary	yes	762f2f7653314c11d3d0789bc9c4a027749cb2b2ae85dc2e8cd57584b05a8195	a7fc99785affb6aa37cd0abc9381a6759df5267d1dff6242bc8c0e08aff0dc32	0	0	0	source exists but pc-port behavior/shape differs
Screen/MiiConfirmIcon.cpp	pc-port/src/Game/Screen/MiiConfirmIcon.cpp	src/Game/Screen/MiiConfirmIcon.cpp	compat-temporary	yes	dd4221ca2ff7ccc249fc40b25a1171ccd4778c9bff58791f23703be8faadcea0	22d55dd1d3999bbfbc962d892d33f843292baf87a7f0d3656456d808b6a48267	0	0	0	source exists but pc-port behavior/shape differs
Screen/MiiConfirmIcon.hpp	pc-port/src/Game/Screen/MiiConfirmIcon.hpp	include/Game/Screen/MiiConfirmIcon.hpp	compat-temporary	yes	aa2607a6c6e10e85149668f6471a922432f7215ea013ef535d1f3dfffd4a964b	434f2db93f825e7a2f53ef95c5b9471073805bf292f43bd8c34425b9d606bd79	0	0	0	source exists but pc-port behavior/shape differs
Screen/MiiSelect.cpp	pc-port/src/Game/Screen/MiiSelect.cpp	src/Game/Screen/MiiSelect.cpp	compat-temporary	yes	74b8c007e53afee1d74c36ef80680147651d40b9e84530ca2fa5c5ebfb004560	60762785bc941d6e2807663550b6e3a6a0f616fa05a1e94e11eccbda76142197	0	0	0	source exists but pc-port behavior/shape differs
Screen/MiiSelect.hpp	pc-port/src/Game/Screen/MiiSelect.hpp	include/Game/Screen/MiiSelect.hpp	compat-temporary	yes	7fa2de2281c223dcded9a27c733bb28b8428031672858203c02c945e25533b35	647de143028d0a2129fc6f1c6fbbe58960080581ad65ebc6fada2c4132f69ff0	0	0	0	source exists but pc-port behavior/shape differs
Screen/PictureBookCloseButton.cpp	pc-port/src/Game/Screen/PictureBookCloseButton.cpp	src/Game/Screen/PictureBookCloseButton.cpp	compat-temporary	yes	b9dd5bdd3cfe768ab06177eb4e9f2c12f7773e96cd46205b71e0696f6b424ea5	4edda14b6f324747ec9cba318ef6c8a0d549f919ea9efef4d21a0955bfcd88b4	0	0	0	source exists but pc-port behavior/shape differs
Screen/PictureBookCloseButton.hpp	pc-port/src/Game/Screen/PictureBookCloseButton.hpp	include/Game/Screen/PictureBookCloseButton.hpp	exact-source	yes	56fb1c459e9c82aa274994180d167f71356e61a817983512edaa9dfd623a7e40	56fb1c459e9c82aa274994180d167f71356e61a817983512edaa9dfd623a7e40	0	0	0	byte-for-byte match
Screen/PictureBookLayout.cpp	pc-port/src/Game/Screen/PictureBookLayout.cpp	src/Game/Screen/PictureBookLayout.cpp	compat-temporary	yes	66b412282251e859528bbacae9b01bcee384c373087126d3d045b754dd6624ae	7f59d2bf6eed2cafac8346e1aa3a52a07f0390b5f80af4c6ab5136640decbce9	0	0	0	source exists but pc-port behavior/shape differs
Screen/PictureBookLayout.hpp	pc-port/src/Game/Screen/PictureBookLayout.hpp	include/Game/Screen/PictureBookLayout.hpp	compat-temporary	yes	3b5e50f996bce89b2a3774a61efad869cf68dfd7f6adec3d657b0d3a9a23fd17	7e211b04fbc7b6640b4a56c31a469092fca5f0454afddc72ac67cae88f52d076	0	0	0	source exists but pc-port behavior/shape differs
Screen/PrologueLetter.cpp	pc-port/src/Game/Screen/PrologueLetter.cpp	src/Game/Screen/PrologueLetter.cpp	compat-temporary	yes	d4d0aa1db1d1234f35580565d4c2da21356c31f2bb26317359e9f1fb35044493	364f8698b727b4aab8afcfb246acf531dc0fbbccc395f15402f2be8edeb2507e	0	0	0	source exists but pc-port behavior/shape differs
Screen/PrologueLetter.hpp	pc-port/src/Game/Screen/PrologueLetter.hpp	include/Game/Screen/PrologueLetter.hpp	compat-temporary	yes	6adff69ca3a966201be1e8a2d987ef51fdb711c9fd317937daab349cb56c258a	863d7137d822f15f9af8f4720a990224989079acbefb4bfcbf6c35927a4b6f52	0	0	0	source exists but pc-port behavior/shape differs
Screen/ProloguePictureBook.cpp	pc-port/src/Game/Screen/ProloguePictureBook.cpp	src/Game/Screen/ProloguePictureBook.cpp	compat-temporary	yes	018b84d9994a48e19b4e2dfc665755cb9f5ae95a6a0d078da6095b22abcded89	6a8be74adc64e0c0118efddb60703380be26dfad0be67472b158ca4b3b1c34cc	0	0	0	source exists but pc-port behavior/shape differs
Screen/ProloguePictureBook.hpp	pc-port/src/Game/Screen/ProloguePictureBook.hpp	include/Game/Screen/ProloguePictureBook.hpp	compat-temporary	yes	45b7640c75789a5fe91a61d9d26f2818e0f0d2e995d7a11588dabeae1ba4e9e0	b75c89992e1327f53e112301e45e186e16391b3ccdcb37dd8b99c32c4e27cabf	0	0	0	source exists but pc-port behavior/shape differs
Screen/ReplaceTagProcessor.cpp	pc-port/src/Game/Screen/ReplaceTagProcessor.cpp		decomp-needed	yes	0c2ddc5ffa715219eb7e7f903a196672a6cb2db42bf49ed3ca5de664d306a079		0	0	0	no root implementation counterpart; declaration counterpart include/Game/Screen/ReplaceTagProcessor.hpp
Screen/ReplaceTagProcessor.hpp	pc-port/src/Game/Screen/ReplaceTagProcessor.hpp	include/Game/Screen/ReplaceTagProcessor.hpp	compat-temporary	yes	907b414351d0494029e22c6b0f68ca8596a063d62d51f2ab9df3680836835bec	1dde4ce8b27c27a018b3a3042316a776c4842a4369eb7be96ebb525ba2de04ab	0	0	0	source exists but pc-port behavior/shape differs
Screen/SaveIcon.cpp	pc-port/src/Game/Screen/SaveIcon.cpp	src/Game/Screen/SaveIcon.cpp	exact-source	yes	638f6b17a16d28752654e2999e15993129a13abd31a0f962a65f63dbe592d970	638f6b17a16d28752654e2999e15993129a13abd31a0f962a65f63dbe592d970	0	0	0	byte-for-byte match
Screen/SaveIcon.hpp	pc-port/src/Game/Screen/SaveIcon.hpp	include/Game/Screen/SaveIcon.hpp	exact-source	yes	71572cb7bcb0f4981f46c593f8b506cc827d6dd8ca0b79a931a8625ae021aa7c	71572cb7bcb0f4981f46c593f8b506cc827d6dd8ca0b79a931a8625ae021aa7c	0	0	0	byte-for-byte match
Screen/ScreenAlphaCapture.hpp	pc-port/src/Game/Screen/ScreenAlphaCapture.hpp	include/Game/Screen/ScreenAlphaCapture.hpp	compat-temporary	yes	52e143c2edc83f4a09416837d8e009dbb260dfd11b84d9fc4375ed6e244e9a76	a205e20721990bea2d196ed1a1fc6e6db712ed8f31fa935c5a5621792a856b58	0	0	0	source exists but pc-port behavior/shape differs
Screen/SimpleLayout.cpp	pc-port/src/Game/Screen/SimpleLayout.cpp	src/Game/Screen/SimpleLayout.cpp	compat-temporary	yes	100b6c329ebab67a6cad5176d94afe6795fd09f00b1c2b5544bd4eb7ecf8fd3e	baf31bc5c694f8e6b379a18db45553577951997ce13189eba398c0131da99d31	5	1	0	source exists but pc-port behavior/shape differs
Screen/SimpleLayout.hpp	pc-port/src/Game/Screen/SimpleLayout.hpp	include/Game/Screen/SimpleLayout.hpp	compat-temporary	yes	2ab2578b7e96daad5b2dd35abd4627a5493db4ca44feebc978bbf4cb95377021	7ac81189ff70227afde08fa383ae1fa69e5ba402ed29630c53ef9d0f6492bd6e	1	0	0	source exists but pc-port behavior/shape differs
Screen/SysInfoWindow.cpp	pc-port/src/Game/Screen/SysInfoWindow.cpp	src/Game/Screen/SysInfoWindow.cpp	compat-temporary	yes	d3e659a5a7522d088d24b576d09fc6691bc2cbb6f84934963b77aa7ad3498361	5f7fb6e219ca4106bebdce10b3fc6f61dd40fb5f7f3ea2228a11a9418966eada	0	0	0	source exists but pc-port behavior/shape differs
Screen/SysInfoWindow.hpp	pc-port/src/Game/Screen/SysInfoWindow.hpp	include/Game/Screen/SysInfoWindow.hpp	compat-temporary	yes	d9465416184fcf3388eae958b90b09c9efbe159d9c21c5e2da570f772c2938aa	8acaba4133c14ea737ef00747fd25104c47aee2654c92ffa6feaa3125d10bded	0	0	0	source exists but pc-port behavior/shape differs
Screen/TitleSequenceProduct.cpp	pc-port/src/Game/Screen/TitleSequenceProduct.cpp	src/Game/Screen/TitleSequenceProduct.cpp	compat-temporary	yes	178ec97a02e53eb4d18330350a05f3b015046dc48e8ad56cd80764ff7b88e4af	f55e17622dea719d031717ae0a3d6687b29e4972ef6385d687a12b502a90fb48	0	0	0	source exists but pc-port behavior/shape differs
Screen/TitleSequenceProduct.hpp	pc-port/src/Game/Screen/TitleSequenceProduct.hpp	include/Game/Screen/TitleSequenceProduct.hpp	compat-temporary	yes	071eed9509a9461a5e512278caf1ca0c988eba8880cac48c2719da954527d91d	a7206e752c2a7d8f586b6a67055460bf071fd962e8ea6ab1cfceef4ec3c39deb	0	0	0	source exists but pc-port behavior/shape differs
Screen/YesNoController.cpp	pc-port/src/Game/Screen/YesNoController.cpp	src/Game/Screen/YesNoController.cpp	compat-temporary	yes	3c474c3e7de4fb8524e98bb0fb04d898ef96120f8ba2fb208aab7e3a0f5a5abf	c262403795df565cacd79e7ee6a7dfc457e7329285f61d6aa918bea33467660b	0	0	0	source exists but pc-port behavior/shape differs
Screen/YesNoController.hpp	pc-port/src/Game/Screen/YesNoController.hpp	include/Game/Screen/YesNoController.hpp	compat-temporary	yes	d8758c378bf9c09514e4c8c1825d3f290af4b9760482c3df1f60b563a6386ab8	353eaa2d4d185d2fc006f3f50239a16d3a1f2fad52cb1cbcab912e56f7f43dce	0	0	0	source exists but pc-port behavior/shape differs
System/ConfigDataHolder.cpp	pc-port/src/Game/System/ConfigDataHolder.cpp	src/Game/System/ConfigDataHolder.cpp	compat-temporary	yes	d0f408541e5cbb58d5c332b7eff9fa81af466dfdcf6864c94e36275dc2884bc5	854df52c8cf8350359ccf8becc387d719e33078cbf63f4bf04e65a084fae1b32	0	0	0	source exists but pc-port behavior/shape differs
System/ConfigDataHolder.hpp	pc-port/src/Game/System/ConfigDataHolder.hpp	include/Game/System/ConfigDataHolder.hpp	compat-temporary	yes	f181a277c06feac10a96023ed4cefaedfdfd387729f2d5691a680ced049493fd	4cfd529acc9298f97694c5da11dd610f5d4ecc0520b0bece08b9f35ad4aae682	0	0	0	source exists but pc-port behavior/shape differs
System/GameDataFunction.cpp	pc-port/src/Game/System/GameDataFunction.cpp	src/Game/System/GameDataFunction.cpp	compat-temporary	yes	794b00d974dc09a09cd12db234a583569925e6b50cb5e64b0ccaca6df18ff11e	88dd99eb01b6fe5324b4a75fa85215f502f18796041f7dcf897f249f423de7af	0	0	0	source exists but pc-port behavior/shape differs
System/GameDataFunction.hpp	pc-port/src/Game/System/GameDataFunction.hpp	include/Game/System/GameDataFunction.hpp	compat-temporary	yes	4eac89a665676cf694c5088f0b6ce66a56cb9d35ac27daedbebc8ea6b2645bd6	454408e4404ec5231ea345a59b46d1bbaa5aa957d0fa74fbff63ff1d57954390	0	0	0	source exists but pc-port behavior/shape differs
System/GameDataHolder.cpp	pc-port/src/Game/System/GameDataHolder.cpp	src/Game/System/GameDataHolder.cpp	compat-temporary	yes	569aa349d8b8456795547ea5248bb00552d9f06384debff17330ab0e2e2e2fe3	279b184ba6b4d8c8652106e40561afb3dbdaeb8db815b87413b2646810ac0fc3	0	0	0	source exists but pc-port behavior/shape differs
System/GameDataHolder.hpp	pc-port/src/Game/System/GameDataHolder.hpp	include/Game/System/GameDataHolder.hpp	compat-temporary	yes	55ac16304662573c3369f9604926303b3465839b7c302197ebb3bb79b158c1a8	6c72c30c04b85e2089534107419e1bf345e2ffaa5314b97c37361e54c99b778f	0	0	0	source exists but pc-port behavior/shape differs
System/GameSequenceFunction.cpp	pc-port/src/Game/System/GameSequenceFunction.cpp	src/Game/System/GameSequenceFunction.cpp	compat-temporary	yes	92a03984dae14dc063f9466e6eb84c721e5f0f4f9677038f433aadc9b0b9253c	2cd5b6938ee374cc6ff04d663cd09eef1fc9afa1dd821d845c81bbc7b43c4e40	0	0	0	source exists but pc-port behavior/shape differs
System/GameSequenceFunction.hpp	pc-port/src/Game/System/GameSequenceFunction.hpp	include/Game/System/GameSequenceFunction.hpp	compat-temporary	yes	f0ad7ed7391d0ad1dc792436749977f29449bc7ecc65dc16fdec2f328d9e15f3	209c21a893ab63780a05d966d07c1982ddb8d34494e4987ce559a5592cc01540	0	0	0	source exists but pc-port behavior/shape differs
System/NANDManager.cpp	pc-port/src/Game/System/NANDManager.cpp	src/Game/System/NANDManager.cpp	compat-temporary	yes	d052fd477ea66131862dbe7a44aef89abaff30d421e34e3b4267bf53d23ab5cd	d95ba81ed593edff8ad9056371784de17e161a200b13e52b1ef4e1a4a2a7ad23	0	0	0	source exists but pc-port behavior/shape differs
System/NANDManager.hpp	pc-port/src/Game/System/NANDManager.hpp	include/Game/System/NANDManager.hpp	compat-temporary	yes	893f35c769e273e30e23ac31b9f3e3d01264f3844852d9449edb3f32a0ee01ab	adf709116443bb94b49d863e1e5e45a28dd7f023391bb8fcc5bef16c801e90fd	0	0	0	source exists but pc-port behavior/shape differs
System/NerveExecutor.cpp	pc-port/src/Game/System/NerveExecutor.cpp	src/Game/System/NerveExecutor.cpp	compat-temporary	yes	ab1a4ce05fce21d986740a2b3401aa75f0b51bf1ae41ea2abc3ae59fdd0ed1d2	4256bfb674d4f33b1e8e1422129da25ba4331c8e3fe6136b473552a66d76c191	0	0	0	source exists but pc-port behavior/shape differs
System/NerveExecutor.hpp	pc-port/src/Game/System/NerveExecutor.hpp	include/Game/System/NerveExecutor.hpp	compat-temporary	yes	d257ea6acf85e6659e3fc3b18b9278c61050daf8cd3324fc738d362bc3880175	e45056380d44412818feaa6b2272edb25fcac64500ab360a5a3e8229007fe212	0	0	0	source exists but pc-port behavior/shape differs
System/SaveDataBannerCreator.cpp	pc-port/src/Game/System/SaveDataBannerCreator.cpp	src/Game/System/SaveDataBannerCreator.cpp	compat-temporary	yes	12be336f13310135a9237380ee06388c8affe14729bbe7520b434456e1a8cdbf	432b1f928a93ad9db767b46b37865220ee176fa9002b1daa903e78bda533828e	0	0	0	source exists but pc-port behavior/shape differs
System/SaveDataBannerCreator.hpp	pc-port/src/Game/System/SaveDataBannerCreator.hpp	include/Game/System/SaveDataBannerCreator.hpp	compat-temporary	yes	9a6651f7fff4eaf9b4d1eb8e324f9b79ff81a9ac5f0663aeb082a430cbec477e	3b868c3f8ec9300962ef9248f4e1ec278de77fceceeaddf5c197b8e041bd4a97	0	0	0	source exists but pc-port behavior/shape differs
System/SaveDataHandleSequence.cpp	pc-port/src/Game/System/SaveDataHandleSequence.cpp	src/Game/System/SaveDataHandleSequence.cpp	compat-temporary	yes	f162ab8cd9d0d151d47e9efeae98a950ae11e11f797ca35af6f68c875b953868	8827336b8ae41f2611510c1e94eec67f663ae87f56f36cf2db5b843c0d72e19f	0	0	0	source exists but pc-port behavior/shape differs
System/SaveDataHandleSequence.hpp	pc-port/src/Game/System/SaveDataHandleSequence.hpp	include/Game/System/SaveDataHandleSequence.hpp	compat-temporary	yes	9a7ba413a14dcfc68fdcc91eee6004ce8cf625e99f7392141cae61cd421a607a	7b61b50593f658de4dbc8a82f657590b162ad098b7898f8fefcaef1abf304864	0	0	0	source exists but pc-port behavior/shape differs
System/SaveDataHandler.cpp	pc-port/src/Game/System/SaveDataHandler.cpp	src/Game/System/SaveDataHandler.cpp	compat-temporary	yes	b87bf28fc3d1ca83f39fb78516c435afd4a7ce4b440f44dc8fcb4ae2b9bbafc1	3110b0217417e39442b99ca34eaeb664cf6b5ea9f120ad78369ddb7273ae009d	0	0	0	source exists but pc-port behavior/shape differs
System/SaveDataHandler.hpp	pc-port/src/Game/System/SaveDataHandler.hpp	include/Game/System/SaveDataHandler.hpp	compat-temporary	yes	d7055a98e19940278ea79c72ee7f9230482f189dd930499af2f1a4d8d5cf1fb9	6c32afda30a2f84ba9545dba9f2dae6c0637618d944d0e6e330ddfcae202f03a	0	0	0	source exists but pc-port behavior/shape differs
System/StorySequenceExecutor.cpp	pc-port/src/Game/System/StorySequenceExecutor.cpp	src/Game/System/StorySequenceExecutor.cpp	compat-temporary	yes	bf387cc63a9d2b9d479065d8121bda50f5142eda5f478fa0f3ace178a0dd8170	39f09995744e5b56830f332944e40e328f66f370b5b97f7e5a562f1187f41387	2	0	0	source exists but pc-port behavior/shape differs
System/StorySequenceExecutor.hpp	pc-port/src/Game/System/StorySequenceExecutor.hpp	include/Game/System/StorySequenceExecutor.hpp	compat-temporary	yes	f7dbca8c8f419e3ad76435c93cc4e64850010386ff604085d58ab53028d81ce8	8cf1170fa7561db34fa5fdc308ee361efa6e9a14f02ea1790364b773688e8e47	0	0	0	source exists but pc-port behavior/shape differs
System/SysConfigFile.cpp	pc-port/src/Game/System/SysConfigFile.cpp	src/Game/System/SysConfigFile.cpp	compat-temporary	yes	3cff484be9416364e5327fb9afcda38a8de7de719fcddd4e88843985b09f2154	f3b755ce2887f63f365dd0dc823052a84d494a5231dc1dcad1bf7c238877ef84	0	0	0	source exists but pc-port behavior/shape differs
System/SysConfigFile.hpp	pc-port/src/Game/System/SysConfigFile.hpp	include/Game/System/SysConfigFile.hpp	compat-temporary	yes	ae9df6d31c980869dfa637084aa4e07895b1619ced78e7155508503f1585432d	f468b2c83ff5e77a368b0edd41f1ff1592bf8e7f3273a091ba4ce5d2df0b965e	0	0	0	source exists but pc-port behavior/shape differs
System/UserFile.cpp	pc-port/src/Game/System/UserFile.cpp	src/Game/System/UserFile.cpp	compat-temporary	yes	db430ee88ab47999df5fedda6f95b18fa408f48fbb05a0fecae5205efb183448	ef5636ad553d7281ecc75e3ccfc4b5f190ef4b2f2ebb8e14baaa581402ee662f	0	0	0	source exists but pc-port behavior/shape differs
System/UserFile.hpp	pc-port/src/Game/System/UserFile.hpp	include/Game/System/UserFile.hpp	compat-temporary	yes	b6a15a4176ffd15995bf1c49e7c26e431e76f76b05d49d5aeeffdfe52180c14b	fbdfcae942d5dda0eb1a81d836e0dee6fa09b33c3529613ec4c22fc0429f51a2	0	0	0	source exists but pc-port behavior/shape differs
Util.hpp	pc-port/src/Game/Util.hpp	include/Game/Util.hpp	compat-temporary	no	e7eabb691012ea91006056c33ef77db24bc14d689071a35fe7087d42859894da	7557bcadcbea791c4412df891ab819b388a6e8d022634cd50d50abf269ee1723	0	0	0	source exists but pc-port behavior/shape differs
Util/ActorCameraUtil.cpp	pc-port/src/Game/Util/ActorCameraUtil.cpp	src/Game/Util/ActorCameraUtil.cpp	compat-temporary	yes	b8ef2fb9fbcd8589433b293cfcd1bd879c617bf71e5cdaa34e0a3d81593fdc33	fe1d430e54247e75ad1c852ff5df425d21e739f64def522af42f5e72d922b8de	0	0	0	source exists but pc-port behavior/shape differs
Util/ActorCameraUtil.hpp	pc-port/src/Game/Util/ActorCameraUtil.hpp	include/Game/Util/ActorCameraUtil.hpp	compat-temporary	yes	2f898a1d82ab969e6828d2d3f561d1b01444480b846c6c102cf7d342f0355c8a	8e217f6ad986f4b7abf218556515ecdd06adcdab80cebb247a3173478a48c6e2	0	0	0	source exists but pc-port behavior/shape differs
Util/ActorMovementUtil.hpp	pc-port/src/Game/Util/ActorMovementUtil.hpp	include/Game/Util/ActorMovementUtil.hpp	compat-temporary	yes	a1e8847038c68a25522d44229aaa8b4ae7ead3e59ee9ccc5fd800062b9413bf2	4c8bb8ebb1383545cd3d413cf4ea80dcd84ac88799320c5960071c60414e2a54	0	0	0	source exists but pc-port behavior/shape differs
Util/ActorSensorUtil.cpp	pc-port/src/Game/Util/ActorSensorUtil.cpp	src/Game/Util/ActorSensorUtil.cpp	compat-temporary	yes	696c118af23a2f4c7785975d30647acd3678d4d1db3b886ead1c40fc7248cb6b	f8305ab961ed1f1c9b4562e57d34b7e9ed4779678e5b83728da1a2ee888fa04e	1	0	0	source exists but pc-port behavior/shape differs
Util/ActorSensorUtil.hpp	pc-port/src/Game/Util/ActorSensorUtil.hpp	include/Game/Util/ActorSensorUtil.hpp	compat-temporary	yes	42681523abcf3220d35d3c0fbfcb0aa9c3b5d499bad4f1a2a12ce54e0c32f2ba	ec92fc97a80029fc40e8535ecfdc5beca1b15eee29b14664ff3fb9fd11a8ab74	0	0	0	source exists but pc-port behavior/shape differs
Util/ActorShadowUtil.hpp	pc-port/src/Game/Util/ActorShadowUtil.hpp	include/Game/Util/ActorShadowUtil.hpp	compat-temporary	yes	ef30fe0d19c59b6d2af8d715d775e26c96b1bd39a63decc51e522d0a31508056	608550e8048637e2854e970b189ec48c5dfa6d3cd5f6ad32c83d98066456830e	0	0	0	source exists but pc-port behavior/shape differs
Util/ActorSwitchUtil.cpp	pc-port/src/Game/Util/ActorSwitchUtil.cpp	src/Game/Util/ActorSwitchUtil.cpp	exact-source	yes	ad4af62a22824c1d21e18121be177776c549d3af04f2475ae99f4a4b6c297ab0	ad4af62a22824c1d21e18121be177776c549d3af04f2475ae99f4a4b6c297ab0	0	0	0	byte-for-byte match
Util/ActorSwitchUtil.hpp	pc-port/src/Game/Util/ActorSwitchUtil.hpp	include/Game/Util/ActorSwitchUtil.hpp	exact-source	yes	760dff27a162ad335fe87f8fac1ddb87b6b7adce67784168079411dd9cb9721b	760dff27a162ad335fe87f8fac1ddb87b6b7adce67784168079411dd9cb9721b	0	0	0	byte-for-byte match
Util/AreaObjUtil.hpp	pc-port/src/Game/Util/AreaObjUtil.hpp	include/Game/Util/AreaObjUtil.hpp	compat-temporary	yes	bc8c05fe6eac2d32048878cf142bae1c757d6396cd11537c4a6dba107b64aafc	e7eca6bb53d699af8ec079879a3760744c5b6499a800a5655e52c133985d53d7	0	0	0	source exists but pc-port behavior/shape differs
Util/Array.hpp	pc-port/src/Game/Util/Array.hpp	include/Game/Util/Array.hpp	exact-source	yes	3587890cac85e79a6a0d632e8491aef7c44e49902d53ac205ada7fb6c7c3e7d9	3587890cac85e79a6a0d632e8491aef7c44e49902d53ac205ada7fb6c7c3e7d9	0	0	0	byte-for-byte match
Util/CameraUtil.cpp	pc-port/src/Game/Util/CameraUtil.cpp	src/Game/Util/CameraUtil.cpp	compat-temporary	yes	cf9e27178cb02a678581945e0ddd711fbd60024ab9f96b549e7943f40341a8e9	cdf521d2be80438098a080a0c186ef96e30d578300ec5a5a5aa23d61b2da1034	0	0	0	source exists but pc-port behavior/shape differs
Util/CameraUtil.hpp	pc-port/src/Game/Util/CameraUtil.hpp	include/Game/Util/CameraUtil.hpp	compat-temporary	yes	76db1ef66a3b17adf3be3a00d0547386d650f9c3f522cce386ead912d40476df	062e7d93bbe050abd5d08409688339c7861b2014bc28ab1edc716c7f470ccb26	0	0	0	source exists but pc-port behavior/shape differs
Util/DemoUtil.cpp	pc-port/src/Game/Util/DemoUtil.cpp	src/Game/Util/DemoUtil.cpp	compat-temporary	yes	d25e015c2042c90b16932408b5c078e914d6141b819c5d5fd6513c61db663962	227721a154983d5ad93ebe3f22ca338c7c408aaca94c32c81e576c6e4eb7a13e	2	0	0	source exists but pc-port behavior/shape differs
Util/DemoUtil.hpp	pc-port/src/Game/Util/DemoUtil.hpp	include/Game/Util/DemoUtil.hpp	compat-temporary	yes	e4d93f42a4c6ed530d3386c8042480f7ffa026ef18e6edb00056aa136109d8d2	e5c88fde4d70a8308a33bb6e699d34b8ed6560f666937dcedf30439b5bc09404	0	0	0	source exists but pc-port behavior/shape differs
Util/DrawUtil.cpp	pc-port/src/Game/Util/DrawUtil.cpp	src/Game/Util/DrawUtil.cpp	compat-temporary	yes	315e5b84765fda0d74d4bc9eaad3a7d0657a24031038c073006b77094ea995f8	73b517062d5b324b61420ac1e39d5da0e6f3f1343b349643e7446a1aec52d1b4	0	0	0	source exists but pc-port behavior/shape differs
Util/DrawUtil.hpp	pc-port/src/Game/Util/DrawUtil.hpp	include/Game/Util/DrawUtil.hpp	compat-temporary	yes	fd1f5803171f9ca1afb17771051012826e1a50970a2c936a40cca219a363f173	d7705d7f3833324371bc66f248922e0c21796874642e896ed974eee3badad4bb	0	0	0	source exists but pc-port behavior/shape differs
Util/EffectUtil.hpp	pc-port/src/Game/Util/EffectUtil.hpp	include/Game/Util/EffectUtil.hpp	compat-temporary	yes	26c0c1ca5ca4abcd88053417a4e7de7768b0f9d2a3ca17d7e175b3f3e5f5518d	f05409ad5dac9e7113dff524ee25cbcd0f1d515b7ab54f62421e07129736e8af	0	0	0	source exists but pc-port behavior/shape differs
Util/EventUtil.cpp	pc-port/src/Game/Util/EventUtil.cpp	src/Game/Util/EventUtil.cpp	compat-temporary	yes	01b293a5f13a083a46ebd91cc54effe21464876ea0a3edf656dd44ecbda77ac6	56eb1dd11372295ffd600b2facc105d0c7a3acc9aeb346321b88eaeaa5d75ed3	0	0	0	source exists but pc-port behavior/shape differs
Util/EventUtil.hpp	pc-port/src/Game/Util/EventUtil.hpp	include/Game/Util/EventUtil.hpp	compat-temporary	yes	b4c135b835d77954793cee26207067b6b24a8fa449dd4e792f5d41e705a934be	dba47690a371666bdf0f0a1407bf3f6d2d54b099f4467ba4dd7630e0f1dbf196	0	0	0	source exists but pc-port behavior/shape differs
Util/FileUtil.cpp	pc-port/src/Game/Util/FileUtil.cpp	src/Game/Util/FileUtil.cpp	compat-temporary	yes	157db05e9702a4ce3f78c70bbb5eaf0fc4bf08aa458011f66feb89102c79355b	00658681813043049bd4e2080f2e2375a3a49eba34d849ca9aaa3dadb56bf1e7	0	0	0	source exists but pc-port behavior/shape differs
Util/FileUtil.hpp	pc-port/src/Game/Util/FileUtil.hpp	include/Game/Util/FileUtil.hpp	compat-temporary	yes	1c03bd5ce6377d89ad26ed427ee3ce8df50e1224b117ef00fcce5d2f8381602c	1da8462c9e45575d0847a39a675e473a0d641e430f37504da8dd4269c8847d16	0	0	0	source exists but pc-port behavior/shape differs
Util/FixedPosition.hpp	pc-port/src/Game/Util/FixedPosition.hpp	include/Game/Util/FixedPosition.hpp	exact-source	yes	c93922d1157080472b1044945bc287db12c911221d89cc18dcd3198ab58c14de	c93922d1157080472b1044945bc287db12c911221d89cc18dcd3198ab58c14de	0	0	0	byte-for-byte match
Util/Functor.hpp	pc-port/src/Game/Util/Functor.hpp	include/Game/Util/Functor.hpp	compat-temporary	yes	664f5b0ee699c3a0d6f9229ffda696f5c720106e9b20b365d6538e43af9489b5	70fc444fc5faec891e0fd86eaf0345be7d026d3d6d76dafd3a7697a0383cb795	0	0	0	source exists but pc-port behavior/shape differs
Util/GamePadUtil.cpp	pc-port/src/Game/Util/GamePadUtil.cpp	src/Game/Util/GamePadUtil.cpp	compat-temporary	yes	58694149d80ab08d5c34d6674eaab247594729f2e2bf51a4d6683dc304ad260e	21d4cdd8e5ba90345477dc1b6ce6158320aac0ca96651dada54de9da21108eb7	0	0	0	source exists but pc-port behavior/shape differs
Util/GamePadUtil.hpp	pc-port/src/Game/Util/GamePadUtil.hpp	include/Game/Util/GamePadUtil.hpp	compat-temporary	yes	269dd53a4ee3927b93340b51794756e25328afd2129496bf827c01ce2d674940	81b63b5a8fe6185305c16779e5a07bbe875b4124bd37cde1488c7090775ef3c1	0	0	0	source exists but pc-port behavior/shape differs
Util/GravityUtil.cpp	pc-port/src/Game/Util/GravityUtil.cpp	src/Game/Util/GravityUtil.cpp	compat-temporary	yes	6fd54efa6b477538aa0cb2e54b1ba822fdbafeb5aa66989a29d68b6de09f1556	16bc369c841882a39a78bba57e64e0c8c521ab46325773863b42e1d76c009856	0	0	0	source exists but pc-port behavior/shape differs
Util/GravityUtil.hpp	pc-port/src/Game/Util/GravityUtil.hpp	include/Game/Util/GravityUtil.hpp	compat-temporary	yes	51647010fe8766fbb8115406a7e347e2a36fa892ff7366f253242b393b85082b	2aca6193729e081576ebf29f097af5d61582df766b1c2dc02d2ca56adbe06810	0	0	0	source exists but pc-port behavior/shape differs
Util/JMapIdInfo.cpp	pc-port/src/Game/Util/JMapIdInfo.cpp	src/Game/Util/JMapIdInfo.cpp	exact-source	yes	a9ffcb143f94491929fd84a6561fe193728c488e8453010fd8d73fdf92159b4e	a9ffcb143f94491929fd84a6561fe193728c488e8453010fd8d73fdf92159b4e	0	0	0	byte-for-byte match
Util/JMapIdInfo.hpp	pc-port/src/Game/Util/JMapIdInfo.hpp	include/Game/Util/JMapIdInfo.hpp	exact-source	yes	960e8f3aa6e396a2cd7ad7939c864f4a00f5e39578649a76b972e5dc216c77d7	960e8f3aa6e396a2cd7ad7939c864f4a00f5e39578649a76b972e5dc216c77d7	0	0	0	byte-for-byte match
Util/JMapInfo.cpp	pc-port/src/Game/Util/JMapInfo.cpp	src/Game/Util/JMapInfo.cpp	compat-temporary	yes	9f2270b00a3a317958630e3e31216d113fb0d711ab62a532db136ff2c1e8a163	3ca63b91ef4e10bcdf5f810d25667999dbecac472999a59000059efbaf0da98e	0	0	0	source exists but pc-port behavior/shape differs
Util/JMapInfo.hpp	pc-port/src/Game/Util/JMapInfo.hpp	include/Game/Util/JMapInfo.hpp	compat-temporary	yes	99f36067623eff38ab57e0bd86322662c9ee1640291a61e834d339a5abe0037d	646a0d03989697b0a2c801d7a50606122d9e359d6e139df40d18eaf2c4de5532	0	0	0	source exists but pc-port behavior/shape differs
Util/JMapUtil.cpp	pc-port/src/Game/Util/JMapUtil.cpp	src/Game/Util/JMapUtil.cpp	compat-temporary	yes	fb1c7d938e38bd48ed2a535e1995207ec87729c4b1e42ac667e258c9e909e739	7870ed8bd2b8efa6070b41f90b4bb65494ababc79a6a01e4cb78fa97c08fc2ac	0	0	0	source exists but pc-port behavior/shape differs
Util/JMapUtil.hpp	pc-port/src/Game/Util/JMapUtil.hpp	include/Game/Util/JMapUtil.hpp	compat-temporary	yes	adbef0b8117284b494aa6ad14fd6e0f11b05a738926e15b3168b2307922b7070	fa5fabd361983f49afb3a1dbb4707a872785931ab2b4be44b71129fd50dba74c	0	0	0	source exists but pc-port behavior/shape differs
Util/LayoutUtil.cpp	pc-port/src/Game/Util/LayoutUtil.cpp	src/Game/Util/LayoutUtil.cpp	compat-temporary	yes	b94888bdb662eb9863bf97985e76ec88d8554012612bce65044863f37461fd9a	6bf63206e6d4110965c77b9aa5323ede592128e1627da8d420b21e43541ba559	0	0	0	source exists but pc-port behavior/shape differs
Util/LayoutUtil.hpp	pc-port/src/Game/Util/LayoutUtil.hpp	include/Game/Util/LayoutUtil.hpp	compat-temporary	yes	987173f1db09aa1f8d230d341bed4918c063d9e4236c5a5ffc70310c4f97954a	e1e89d9bb9273b1e6ada96ef070b35023ebf93315653e02c5ba35de93bcef670	0	0	0	source exists but pc-port behavior/shape differs
Util/LightUtil.cpp	pc-port/src/Game/Util/LightUtil.cpp	src/Game/Util/LightUtil.cpp	compat-temporary	yes	6c15d6d95db4a0218737ca5416f18ab390deb6580a7f1f3cca832637e4205cf5	4c68ab0dacd10411a06b92bbbc1127024588cfee0b561553d1a872d5f4296dd0	0	0	0	source exists but pc-port behavior/shape differs
Util/LightUtil.hpp	pc-port/src/Game/Util/LightUtil.hpp	include/Game/Util/LightUtil.hpp	compat-temporary	yes	330e6a7febe432408b2d721ae095defdca0ffe217b061871113b7da11dc837d6	8ed044912fddcbdd332da6c4804cce6c9455fefc26862f33ceb184c98e42c146	0	0	0	source exists but pc-port behavior/shape differs
Util/LiveActorUtil.cpp	pc-port/src/Game/Util/LiveActorUtil.cpp	src/Game/Util/LiveActorUtil.cpp	compat-temporary	yes	5c805dd235843b6c6c8e8f5d70c61a03e1e903aa3a368c4bee14c0d840d045cb	28dd35793e89b885483fbbecbd7c2e65928fae36a8482a4747dca191d8e2edcb	0	0	0	source exists but pc-port behavior/shape differs
Util/LiveActorUtil.hpp	pc-port/src/Game/Util/LiveActorUtil.hpp	include/Game/Util/LiveActorUtil.hpp	compat-temporary	yes	5cc03beff842e99dd08c487fc33797d1dc8f59fb46f80775da88d46ae2342fde	b84a8be975accb78316d4137d57fda610649ac7db5f24a2883cfb46e13a5ec20	0	0	0	source exists but pc-port behavior/shape differs
Util/MapUtil.hpp	pc-port/src/Game/Util/MapUtil.hpp	include/Game/Util/MapUtil.hpp	compat-temporary	yes	4924c6bda33587be29e4aa2215fcc97c1e203b1a604bfb1f55cf64000d370692	715afb98a4fd935c0aba191a9f8b3331e80db178fa90dccbbe7d75edbc33ce27	0	0	0	source exists but pc-port behavior/shape differs
Util/MathUtil.cpp	pc-port/src/Game/Util/MathUtil.cpp	src/Game/Util/MathUtil.cpp	compat-temporary	yes	01866ea6d0a1d72dfa19d602d4255660a2107257775dbea29a277d372fdae62f	938e278b162b862d79f433c752cbf7d1803abad9196e14cdfe43393838a07bc5	0	0	0	source exists but pc-port behavior/shape differs
Util/MathUtil.hpp	pc-port/src/Game/Util/MathUtil.hpp	include/Game/Util/MathUtil.hpp	compat-temporary	yes	0c1feabd0f5bdd9eb66961ed4047f04c7fc94ccac962cc0c5dce6f57d9314093	44536d510a8506329817c50a13d230e2bb4c816d4554380c54ec2a4b29efb0ac	0	0	0	source exists but pc-port behavior/shape differs
Util/MessageUtil.cpp	pc-port/src/Game/Util/MessageUtil.cpp	src/Game/Util/MessageUtil.cpp	compat-temporary	yes	50d566c8193e73f810926e150b2c91a1cf8aa2e12820a269dc5bc553c0e9210a	c5bc857cb7126734f7f0729077ffb4d4695ae4183cadfdd2d6d685c50001c35a	0	0	0	source exists but pc-port behavior/shape differs
Util/MessageUtil.hpp	pc-port/src/Game/Util/MessageUtil.hpp	include/Game/Util/MessageUtil.hpp	compat-temporary	yes	8c34a9347622df00a1f1a792e48e3358a5556f1b17e0ba7cf6627e99d7a4fa9b	cf8c63e8e84d85fc04f2f81774c9731aa3756901ea33ea1620e66a27a864ce21	0	0	0	source exists but pc-port behavior/shape differs
Util/MtxUtil.hpp	pc-port/src/Game/Util/MtxUtil.hpp	include/Game/Util/MtxUtil.hpp	exact-source	yes	3fa0b0af2e8bbc9a330802146a1f571a4a8c87339a43e4515f4955d732be79b2	3fa0b0af2e8bbc9a330802146a1f571a4a8c87339a43e4515f4955d732be79b2	0	0	0	byte-for-byte match
Util/NerveUtil.cpp	pc-port/src/Game/Util/NerveUtil.cpp	src/Game/Util/NerveUtil.cpp	compat-temporary	yes	006370c0561049865f422bd96251521e72969140b133624cf9ee732d8e493fc1	f8027b4165ab3a8567dd10edbdfbc310882788871f27fc20e51bdaad3a32ad78	0	0	0	source exists but pc-port behavior/shape differs
Util/NerveUtil.hpp	pc-port/src/Game/Util/NerveUtil.hpp	include/Game/Util/NerveUtil.hpp	compat-temporary	yes	660ccb8ea2ac2003a44a8b6489d61657af82aa42682ba7e80d916c1b9ebf0b94	f5254848be0a331d66c4a4ac6821e1427f040018a9b1055925962d24c77ccb50	0	0	0	source exists but pc-port behavior/shape differs
Util/ObjUtil.cpp	pc-port/src/Game/Util/ObjUtil.cpp	src/Game/Util/ObjUtil.cpp	compat-temporary	yes	5d62b748c96218853e7b453e52730f7d129e9bf852141ab5b67bf3038a685b6d	b6e38e3215ca4501996efbf96017ca3d751cab503a0fcbb0542256b82ad64b19	0	0	0	source exists but pc-port behavior/shape differs
Util/ObjUtil.hpp	pc-port/src/Game/Util/ObjUtil.hpp	include/Game/Util/ObjUtil.hpp	compat-temporary	yes	cdeb0646fc18fdd48c5bfff6a2e275a3ee0e63bc0e86d96556ec799dcc11406b	8333bdc5f3ce631b7bbbf11f75f0da3ce548ec2eb4e08ec6eab1a6b4d19ab737	0	0	0	source exists but pc-port behavior/shape differs
Util/PlayerUtil.cpp	pc-port/src/Game/Util/PlayerUtil.cpp	src/Game/Util/PlayerUtil.cpp	compat-temporary	yes	b910a0586eeba217fc5d70276d61cd241cfd6c6d69b309bc65b3ca67baf271f8	0a2f49051c295f3a96a9e0ac7d2fb753101cfd02b96b76edad57d96ed6a9d3e5	1	0	0	source exists but pc-port behavior/shape differs
Util/PlayerUtil.hpp	pc-port/src/Game/Util/PlayerUtil.hpp	include/Game/Util/PlayerUtil.hpp	compat-temporary	yes	31104e8f0c68ca052a16904957f7508d0a2da6ae8f7ee2f8b5c9c259ef7598a9	26d7c3c87276df74fe10d9f4594ec1c8e5223e770ccdd154b5ada91262e19a57	0	0	0	source exists but pc-port behavior/shape differs
Util/RailUtil.hpp	pc-port/src/Game/Util/RailUtil.hpp	include/Game/Util/RailUtil.hpp	exact-source	yes	283ffa82585eee9105de7d6f99e824905078867e4b99056c8037add3b3c5728b	283ffa82585eee9105de7d6f99e824905078867e4b99056c8037add3b3c5728b	0	0	0	byte-for-byte match
Util/SceneUtil.cpp	pc-port/src/Game/Util/SceneUtil.cpp	src/Game/Util/SceneUtil.cpp	compat-temporary	yes	06f3067ae8eb1c1d0b53a88a15504f7499334a76266bea9eebeb0e49e45a8e5d	06ac7cfecc8a59255f84e259fe1794561b07e4827aebee35365f1da5cd6e3336	0	0	0	source exists but pc-port behavior/shape differs
Util/SceneUtil.hpp	pc-port/src/Game/Util/SceneUtil.hpp	include/Game/Util/SceneUtil.hpp	compat-temporary	yes	eb3947f165b7631124d6f61cd59aaeaafc0bf8731dcedd98e26417b828b5d72a	1b453f8c61310ef03ccf43362ad8224df91ac80df3633564e98af0707a9c9f59	0	0	0	source exists but pc-port behavior/shape differs
Util/ScreenUtil.cpp	pc-port/src/Game/Util/ScreenUtil.cpp	src/Game/Util/ScreenUtil.cpp	compat-temporary	yes	11e54dc99e92af76f968962130c7c69bd4b5254ffe13d76f341a5937aa2883f0	e62eb2435f1cdb445cfb1c24d458ee384aec0874703e4d9f8c544187f24c81d2	0	0	0	source exists but pc-port behavior/shape differs
Util/ScreenUtil.hpp	pc-port/src/Game/Util/ScreenUtil.hpp	include/Game/Util/ScreenUtil.hpp	compat-temporary	yes	0aea78ac458db0afab480e3b6be0a43e1e3187f22cb8f429c3027b0baddac2d4	9a611d9345f79023f2199112b09fb51ee0f3b286f4dc544fac32c7c613a137ce	0	0	0	source exists but pc-port behavior/shape differs
Util/SequenceUtil.cpp	pc-port/src/Game/Util/SequenceUtil.cpp	src/Game/Util/SequenceUtil.cpp	compat-temporary	yes	ff9ca98f82f86ac5f2a30ab21a6920259af3a067f185516332e21cab8a805f01	e25e94f7c0648c3a3ab8b61521899fbb0c412bb53943f88cba814d5a34a9741c	0	0	0	source exists but pc-port behavior/shape differs
Util/SequenceUtil.hpp	pc-port/src/Game/Util/SequenceUtil.hpp	include/Game/Util/SequenceUtil.hpp	compat-temporary	yes	2e6358c3cfc49b2c24bfa11e0a80b6d9803b92ed09df59fc83bfbe152c31de6f	5528893121755f41670af6729884edd8bc15d1b70fba34f828dbcf7c263043c6	0	0	0	source exists but pc-port behavior/shape differs
Util/SoundUtil.cpp	pc-port/src/Game/Util/SoundUtil.cpp	src/Game/Util/SoundUtil.cpp	compat-temporary	yes	17defb6c87b7a7f539bbcab9cb8eaa2d5dc1cc4ec7662c54d1c7a954d20881d0	76789837626ea4470158fb7586dbb5e18d20a88376a8707cd5c03bbd38383a5b	0	0	0	source exists but pc-port behavior/shape differs
Util/SoundUtil.hpp	pc-port/src/Game/Util/SoundUtil.hpp	include/Game/Util/SoundUtil.hpp	compat-temporary	yes	631d68f9dbae44abb58868b2dc55f659d315c1faf8a372edefd7aeb1154d8aab	8bf88b3c35899a555574a05d7da59a49b3b14e55b2bd312b4879aefce3eba344	0	0	0	source exists but pc-port behavior/shape differs
Util/StarPointerUtil.cpp	pc-port/src/Game/Util/StarPointerUtil.cpp	src/Game/Util/StarPointerUtil.cpp	compat-temporary	yes	5a97010503859873ef2666a02537b1a7e3ee5029ed48ffc29160cc9a994ed4a8	d037519ce336e41a657622a348d4f0ed42d58d14e938659bbdbee8e96ee86c8c	0	0	0	source exists but pc-port behavior/shape differs
Util/StarPointerUtil.hpp	pc-port/src/Game/Util/StarPointerUtil.hpp	include/Game/Util/StarPointerUtil.hpp	compat-temporary	yes	3f1b3a5c55e4fdbbd2af895ab3cbe8e760eb35476bc978b0ed18c652859c31ea	d8118a28985ee36f4f49a7580385f28f2877dab20ee9b921b4d386ad0a87713b	0	0	0	source exists but pc-port behavior/shape differs
Util/StringUtil.cpp	pc-port/src/Game/Util/StringUtil.cpp	src/Game/Util/StringUtil.cpp	compat-temporary	yes	a91345d58484a147a869074f986d896f4586234086e50e06256910d2ee4d6c7a	373938f24d216124a4aba58fe38c2638767dc2dc62bcf20a848b17e678b0e602	0	0	0	source exists but pc-port behavior/shape differs
Util/StringUtil.hpp	pc-port/src/Game/Util/StringUtil.hpp	include/Game/Util/StringUtil.hpp	compat-temporary	yes	bd2cd88a6acb4b58bfb3d058666546524fd17e5c027a331280474b3b1883521e	a9722916e06a29b882e6c0d3715545335ea593ec6ad1fb76ab780ea26be5e97f	0	0	0	source exists but pc-port behavior/shape differs
Util/SwitchEventFunctorListener.cpp	pc-port/src/Game/Util/SwitchEventFunctorListener.cpp	src/Game/Util/SwitchEventFunctorListener.cpp	exact-source	yes	9701b41e860b3f3e899bcfce07f397016514b94dd2e291535006872b1eca6714	9701b41e860b3f3e899bcfce07f397016514b94dd2e291535006872b1eca6714	0	0	0	byte-for-byte match
Util/SwitchEventFunctorListener.hpp	pc-port/src/Game/Util/SwitchEventFunctorListener.hpp	include/Game/Util/SwitchEventFunctorListener.hpp	exact-source	yes	5648012f9cc8ea989ad23a7bc96d95a71d068afd3bf9438010c08a0e0c0e080e	5648012f9cc8ea989ad23a7bc96d95a71d068afd3bf9438010c08a0e0c0e080e	0	0	0	byte-for-byte match
Util/SystemUtil.cpp	pc-port/src/Game/Util/SystemUtil.cpp	src/Game/Util/SystemUtil.cpp	compat-temporary	yes	9f2c53c5edb28fc265a8bdd6c2d8a2dc18c1efc2d4489c79404fd3c5d0fa66ac	d4b44c7dc3559b2fc3f8eb09a9a90e9433eb0229c1fe6aa1d23083997fd2a600	0	0	0	source exists but pc-port behavior/shape differs
Util/SystemUtil.hpp	pc-port/src/Game/Util/SystemUtil.hpp	include/Game/Util/SystemUtil.hpp	compat-temporary	yes	df635b64a3e0f0b97f9204edf7835090db6f2101cb62bcfa3854cf74698a502a	ae84fb160f3fabce7a2f4c616d6845ab93b1e718855d05c2248a828991c3216d	0	0	0	source exists but pc-port behavior/shape differs
Util/TriggerChecker.cpp	pc-port/src/Game/Util/TriggerChecker.cpp	src/Game/Util/TriggerChecker.cpp	compat-temporary	yes	032d5c4bf88ec67df4ebe5ec01f875c8a821b57b91f564e3a01a2ef734ca030e	b465d1de122bf3d0b119253dd5e0b266fa59d10c40912c49cc0336098971f5f2	0	0	0	source exists but pc-port behavior/shape differs
Util/TriggerChecker.hpp	pc-port/src/Game/Util/TriggerChecker.hpp	include/Game/Util/TriggerChecker.hpp	exact-source	yes	b8ef00e1f2fb4cf0be475723783377bbe3f93e9f128f795fbd4e95e6bd7e8f03	b8ef00e1f2fb4cf0be475723783377bbe3f93e9f128f795fbd4e95e6bd7e8f03	0	0	0	byte-for-byte match
